Open,High,Low,Close,Volume,Ticker,Change
12030,12030,9360,9360,7100,PPH,
9580,9580,9230,9230,3900,PPH,-0.01388888888888884
9130,9130,9080,9080,700,PPH,-0.01625135427952329
9080,9080,9080,9080,0,PPH,0.0
8460,8460,8460,8460,2700,PPH,-0.06828193832599116
7890,8870,7890,8870,20100,PPH,0.048463356973995175
7710,7710,7570,7570,20700,PPH,-0.1465614430665163
7790,8690,7570,8640,2700,PPH,0.14134742404227207
9230,9230,9230,9230,100,PPH,0.06828703703703698
8770,8770,8770,8770,100,PPH,-0.04983748645720476
8460,8460,8460,8460,100,PPH,-0.03534777651083243
8460,8460,8460,8460,0,PPH,0.0
8020,8020,7360,7360,17500,PPH,-0.1300236406619385
8380,8380,7360,7670,1900,PPH,0.04211956521739135
7570,7620,7360,7360,5500,PPH,-0.04041720990873532
7270,7770,7270,7770,300,PPH,0.05570652173913038
7440,7440,7160,7160,2800,PPH,-0.0785070785070785
7220,7220,7160,7160,1200,PPH,0.0
7570,7570,7570,7570,20000,PPH,0.0572625698324023
7670,7670,7670,7670,100,PPH,0.013210039630118908
7670,7670,7670,7670,1500,PPH,0.0
7670,7670,7670,7670,500,PPH,0.0
7790,7790,7670,7670,25700,PPH,0.0
7670,7790,7670,7790,13600,PPH,0.015645371577575062
7570,7830,7570,7830,2200,PPH,0.005134788189987249
7620,7620,7620,7620,0,PPH,-0.026819923371647514
8280,8280,8280,8280,100,PPH,0.08661417322834652
8280,8280,8280,8280,0,PPH,0.0
7670,7670,7670,7670,20800,PPH,-0.07367149758454106
7670,7670,7670,7670,0,PPH,0.0
7670,7670,7670,7670,9500,PPH,0.0
7670,7670,7670,7670,0,PPH,0.0
7670,8730,7670,8600,2100,PPH,0.12125162972620607
7830,7830,7830,7830,0,PPH,-0.08953488372093021
9010,9010,7830,7830,8100,PPH,0.0
7570,7570,7570,7570,1000,PPH,-0.033205619412515985
7570,7570,7570,7570,1000,PPH,0.0
7570,7570,7570,7570,500,PPH,0.0
7570,7570,7570,7570,0,PPH,0.0
7570,7570,7570,7570,800,PPH,0.0
8640,8640,8640,8640,100,PPH,0.14134742404227207
8210,8210,8210,8210,400,PPH,-0.04976851851851849
7480,7480,7480,7480,5400,PPH,-0.08891595615103531
7480,7480,7480,7480,0,PPH,0.0
7480,7480,7480,7480,5000,PPH,0.0
7480,7480,7480,7480,0,PPH,0.0
7480,7480,7480,7480,0,PPH,0.0
7480,7480,7480,7480,200,PPH,0.0
7480,7480,7480,7480,0,PPH,0.0
7360,7360,7360,7360,7800,PPH,-0.016042780748663055
7360,7360,7360,7360,0,PPH,0.0
7140,7140,7140,7140,11100,PPH,-0.029891304347826053
7140,7140,7140,7140,0,PPH,0.0
7140,7140,7140,7140,0,PPH,0.0
7140,7140,7140,7140,1100,PPH,0.0
7140,7140,7140,7140,0,PPH,0.0
6240,7140,6240,7140,29000,PPH,0.0
7140,7140,7140,7140,59500,PPH,0.0
7140,7140,7140,7140,21000,PPH,0.0
7140,7140,7140,7140,4400,PPH,0.0
7140,7140,7140,7140,0,PPH,0.0
7140,7140,7140,7140,0,PPH,0.0
7140,7140,7140,7140,300,PPH,0.0
7140,7140,7140,7140,71300,PPH,0.0
7140,7140,7140,7140,0,PPH,0.0
7140,7140,7140,7140,0,PPH,0.0
7140,7140,7140,7140,0,PPH,0.0
6910,7360,6910,7360,72000,PPH,0.03081232492997188
7140,7140,7140,7140,6900,PPH,-0.029891304347826053
7140,7140,7140,7140,0,PPH,0.0
7160,7360,7160,7220,6900,PPH,0.011204481792717047
7140,7270,7140,7270,700,PPH,0.006925207756232732
7270,7270,7160,7160,7900,PPH,-0.015130674002751032
7360,7360,7360,7360,2000,PPH,0.027932960893854775
7360,7360,7360,7360,0,PPH,0.0
7360,7360,7360,7360,0,PPH,0.0
6780,6780,6780,6780,4000,PPH,-0.07880434782608692
7220,7220,7140,7140,7500,PPH,0.053097345132743445
7140,7140,6820,6820,15800,PPH,-0.0448179271708683
7140,7140,7140,7140,11600,PPH,0.04692082111436946
7140,7140,7140,7140,12300,PPH,0.0
7140,7140,7140,7140,100,PPH,0.0
7160,7160,7160,7160,8000,PPH,0.0028011204481792618
7160,7160,7160,7160,0,PPH,0.0
7160,7160,7160,7160,0,PPH,0.0
7140,7140,7140,7140,5000,PPH,-0.0027932960893854997
7030,7030,7030,7030,53900,PPH,-0.01540616246498594
7030,7140,7030,7140,26600,PPH,0.01564722617354186
7030,7030,7030,7030,0,PPH,-0.01540616246498594
7140,7160,7140,7160,26200,PPH,0.01849217638691325
7140,7220,7140,7220,25700,PPH,0.008379888268156499
7140,7140,7140,7140,200,PPH,-0.011080332409972304
7310,7480,7140,7480,59700,PPH,0.04761904761904767
7480,7480,7480,7480,500,PPH,0.0
7310,7480,7310,7390,8900,PPH,-0.012032085561497374
7530,7530,7440,7440,92900,PPH,0.006765899864682012
7480,7530,7480,7480,12036,PPH,0.005376344086021501
7530,7530,7480,7480,3200,PPH,0.0
7680,7680,7680,7680,300,PPH,0.02673796791443861
7490,7490,7200,7200,2000,PPH,-0.0625
7440,7440,7440,7440,0,PPH,0.03333333333333344
7440,7440,7440,7440,0,PPH,0.0
7440,7440,7440,7440,9800,PPH,0.0
7380,7380,7200,7200,1200,PPH,-0.032258064516129004
6950,6950,6680,6730,5000,PPH,-0.06527777777777777
6730,6730,6730,6730,1500,PPH,0.0
6730,6730,6730,6730,0,PPH,0.0
6730,6730,6730,6730,0,PPH,0.0
7680,7680,7680,7680,7500,PPH,0.14115898959881124
7680,7680,7680,7680,0,PPH,0.0
6860,6860,6770,6770,1500,PPH,-0.11848958333333337
7440,7440,6950,6950,2800,PPH,0.026587887740029625
7630,7630,7200,7200,700,PPH,0.03597122302158273
7260,7260,6950,6950,7400,PPH,-0.03472222222222221
6950,7010,6950,6950,32900,PPH,0.0
7380,7380,7380,7380,1500,PPH,0.06187050359712232
7380,7380,7380,7380,0,PPH,0.0
6950,7150,6950,6950,16100,PPH,-0.0582655826558266
7260,7680,7200,7680,11000,PPH,0.10503597122302155
7590,7590,7200,7440,7010,PPH,-0.03125
7200,7380,7200,7300,31500,PPH,-0.018817204301075252
6730,7680,6730,7680,5746,PPH,0.05205479452054784
7110,7110,7110,7110,0,PPH,-0.07421875
7300,7300,7300,7300,300,PPH,0.026722925457102642
7300,7300,7300,7300,0,PPH,0.0
7680,7680,7680,7680,185,PPH,0.05205479452054784
7920,7920,7920,7920,400,PPH,0.03125
7920,7920,7920,7920,0,PPH,0.0
7630,7680,7630,7680,23300,PPH,-0.030303030303030276
7740,7740,7590,7680,21935,PPH,0.0
7680,7680,7680,7680,17,PPH,0.0
7680,7680,7680,7680,11500,PPH,0.0
7680,7680,7680,7680,7600,PPH,0.0
7680,7680,7680,7680,12602,PPH,0.0
7780,7810,7780,7780,26300,PPH,0.01302083333333326
7680,7680,7680,7680,15033,PPH,-0.01285347043701801
7680,7680,7680,7680,71,PPH,0.0
7680,7680,7680,7680,2600,PPH,0.0
7680,7680,7680,7680,0,PPH,0.0
7680,7680,7680,7680,10100,PPH,0.0
7630,7630,7630,7630,500,PPH,-0.00651041666666663
7680,7680,7680,7680,600,PPH,0.006553079947575258
7680,7680,7680,7680,6,PPH,0.0
7680,7680,7680,7680,0,PPH,0.0
7680,7780,7680,7780,15700,PPH,0.01302083333333326
7680,7680,7680,7680,11000,PPH,-0.01285347043701801
7680,7680,7680,7680,0,PPH,0.0
7680,7680,7680,7680,6400,PPH,0.0
7680,7680,7680,7680,0,PPH,0.0
7680,7680,7680,7680,4200,PPH,0.0
7680,7680,7680,7680,43100,PPH,0.0
7680,7680,7680,7680,70,PPH,0.0
7680,7680,7680,7680,0,PPH,0.0
7300,7300,7300,7300,800,PPH,-0.04947916666666663
7300,7300,7300,7300,0,PPH,0.0
7300,7300,7300,7300,0,PPH,0.0
7680,7680,7680,7680,101,PPH,0.05205479452054784
7680,7680,7680,7680,0,PPH,0.0
7680,7680,7680,7680,0,PPH,0.0
7680,7680,7680,7680,4600,PPH,0.0
7680,7680,7680,7680,0,PPH,0.0
7680,7680,7680,7680,0,PPH,0.0
7680,7680,7680,7680,0,PPH,0.0
7680,7680,7680,7680,100,PPH,0.0
7680,7680,7680,7680,0,PPH,0.0
7630,7680,7630,7680,6300,PPH,0.0
7630,7630,7630,7630,0,PPH,-0.00651041666666663
7590,7630,7590,7630,3300,PPH,0.0
7590,7590,7590,7590,0,PPH,-0.005242463958060273
7490,7490,7490,7490,100,PPH,-0.013175230566534912
7680,7680,7680,7680,20000,PPH,0.025367156208277786
7680,7680,7680,7680,50000,PPH,0.0
7680,7680,7680,7680,26600,PPH,0.0
7680,7810,7680,7810,40800,PPH,0.01692708333333326
7680,7680,7680,7680,0,PPH,-0.016645326504481472
8210,8210,7680,7830,1300,PPH,0.01953125
7830,7890,7830,7890,51000,PPH,0.00766283524904221
7830,7830,7680,7680,1600,PPH,-0.026615969581749055
7830,7830,7830,7830,100,PPH,0.01953125
7830,7830,7830,7830,0,PPH,0.0
7830,7830,7830,7830,0,PPH,0.0
7680,7680,7680,7680,10600,PPH,-0.019157088122605415
7680,7680,7680,7680,11000,PPH,0.0
7680,7680,7680,7680,2000,PPH,0.0
7750,7750,7680,7680,42000,PPH,0.0
7680,7680,7680,7680,0,PPH,0.0
7680,7680,7680,7680,2000,PPH,0.0
7680,7680,7680,7680,1100,PPH,0.0
7680,7680,7680,7680,1000,PPH,0.0
7680,7680,7680,7680,11000,PPH,0.0
7680,7680,7680,7680,0,PPH,0.0
7680,7680,7680,7680,0,PPH,0.0
7940,7940,6720,6720,46500,PPH,-0.125
9110,9110,7680,7680,6400,PPH,0.1428571428571428
7680,7680,7680,7680,0,PPH,0.0
7680,7680,7680,7680,100,PPH,0.0
7680,7680,7680,7680,0,PPH,0.0
7680,7680,7680,7680,0,PPH,0.0
7680,7680,7680,7680,0,PPH,0.0
7680,7680,7680,7680,0,PPH,0.0
7940,7940,7890,7890,42300,PPH,0.02734375
7890,7890,7890,7890,0,PPH,0.0
7890,7890,7890,7890,0,PPH,0.0
7890,7890,7890,7890,0,PPH,0.0
7890,7890,7890,7890,0,PPH,0.0
7890,7890,7890,7890,0,PPH,0.0
7890,7890,7890,7890,33,PPH,0.0
7430,7430,7430,7430,100,PPH,-0.0583016476552598
7430,7430,7430,7430,0,PPH,0.0
7430,7430,7430,7430,0,PPH,0.0
7430,7430,7430,7430,0,PPH,0.0
6860,6860,6860,6860,100,PPH,-0.0767160161507402
6860,6860,6860,6860,0,PPH,0.0
6860,6860,6860,6860,0,PPH,0.0
6930,6930,6660,6660,1000,PPH,-0.029154518950437303
6720,6720,6720,6720,1000,PPH,0.009009009009008917
6720,6720,6720,6720,0,PPH,0.0
6720,6720,6720,6720,10,PPH,0.0
6720,6720,6720,6720,0,PPH,0.0
6720,6720,6720,6720,0,PPH,0.0
6720,6720,6720,6720,0,PPH,0.0
6720,6720,6720,6720,0,PPH,0.0
6720,6720,6720,6720,0,PPH,0.0
6720,6720,6720,6720,0,PPH,0.0
7160,7160,7160,7160,100,PPH,0.06547619047619047
7230,7230,7230,7230,100,PPH,0.009776536312849249
7230,7230,7230,7230,0,PPH,0.0
7630,7630,7630,7630,1300,PPH,0.05532503457814664
7430,7430,7430,7430,126,PPH,-0.026212319790301475
7830,7830,7830,7830,100,PPH,0.053835800807537026
7830,7830,7830,7830,0,PPH,0.0
7680,7680,7680,7680,19900,PPH,-0.019157088122605415
7680,7680,7680,7680,0,PPH,0.0
7680,7680,7680,7680,0,PPH,0.0
7680,7680,7680,7680,12455,PPH,0.0
7680,7680,7680,7680,0,PPH,0.0
7680,7680,7680,7680,0,PPH,0.0
7680,7680,7680,7680,0,PPH,0.0
7680,7680,7680,7680,232161,PPH,0.0
7680,7680,7680,7680,53600,PPH,0.0
7680,7680,7680,7680,1000,PPH,0.0
7680,7680,7680,7680,100,PPH,0.0
7750,7750,7750,7750,1500,PPH,0.00911458333333326
7750,7750,7750,7750,0,PPH,0.0
7750,7750,7750,7750,0,PPH,0.0
7750,7750,7750,7750,0,PPH,0.0
7750,7750,7750,7750,0,PPH,0.0
7750,7750,7750,7750,0,PPH,0.0
7750,7750,7750,7750,0,PPH,0.0
7750,7750,7750,7750,0,PPH,0.0
7750,7750,7750,7750,0,PPH,0.0
7780,7780,7780,7780,1000,PPH,0.003870967741935516
7940,7940,7940,7940,10000,PPH,0.020565552699228773
7940,7940,7940,7940,0,PPH,0.0
7890,7890,7890,7890,100,PPH,-0.006297229219143552
7890,7890,7890,7890,0,PPH,0.0
7750,7750,7750,7750,700,PPH,-0.017743979721166037
7750,7750,7750,7750,0,PPH,0.0
7750,7750,7750,7750,0,PPH,0.0
7750,7750,7750,7750,10,PPH,0.0
7750,7750,7750,7750,420,PPH,0.0
7940,7940,7940,7940,200,PPH,0.02451612903225797
7940,7940,7940,7940,0,PPH,0.0
8100,8210,8100,8210,1500,PPH,0.03400503778337538
8210,8250,8210,8250,4900,PPH,0.004872107186357999
8290,8290,8290,8290,8010,PPH,0.00484848484848488
8290,8290,8290,8290,4000,PPH,0.0
7940,7940,7940,7940,5400,PPH,-0.04221954161640529
8250,8250,8250,8250,400,PPH,0.03904282115869018
8450,8450,8290,8450,31300,PPH,0.024242424242424176
8560,8810,8560,8810,1702,PPH,0.04260355029585794
8810,8810,8450,8450,6900,PPH,-0.04086265607264472
8450,8450,8290,8290,15100,PPH,-0.018934911242603603
8450,8510,8450,8510,11400,PPH,0.026537997587454676
8450,8870,8450,8870,900,PPH,0.04230317273795525
8710,8710,8710,8710,3600,PPH,-0.018038331454340528
8210,8710,8210,8710,19200,PPH,0.0
8210,8210,8210,8210,700,PPH,-0.057405281285878296
8210,8210,8210,8210,33,PPH,0.0
8210,8210,8150,8150,2500,PPH,-0.0073081607795371095
8660,8660,8660,8660,100,PPH,0.0625766871165645
8660,8660,8660,8660,0,PPH,0.0
8660,8660,8660,8660,42,PPH,0.0
8660,8660,8660,8660,9000,PPH,0.0
8660,8660,8660,8660,9900,PPH,0.0
8660,8710,8660,8710,1700,PPH,0.005773672055427337
8100,8100,8039,8039,7700,PPH,-0.07703788748564866
8039,8039,8039,8039,0,PPH,0.0
8100,8150,8100,8150,6000,PPH,0.01380768752332373
8150,8150,8150,8150,0,PPH,0.0
8150,8150,8150,8150,10,PPH,0.0
8210,8210,8100,8100,1332,PPH,-0.006134969325153339
9220,9220,9220,9220,100,PPH,0.1382716049382715
8000,8000,8000,8000,800,PPH,-0.13232104121475052
9110,9110,9110,9110,100,PPH,0.13874999999999993
7780,7780,7780,7780,200,PPH,-0.145993413830955
7780,7780,7780,7780,0,PPH,0.0
8350,8350,7940,7940,600,PPH,0.020565552699228773
8000,8000,8000,8000,300,PPH,0.007556675062972307
7940,7940,7940,7940,200,PPH,-0.007499999999999951
8039,8039,8039,8039,1900,PPH,0.01246851385390424
8100,8100,8100,8100,800,PPH,0.007588008458763618
8100,8100,8100,8100,0,PPH,0.0
8100,8100,8100,8100,0,PPH,0.0
8100,8100,8100,8100,0,PPH,0.0
8100,8100,8100,8100,0,PPH,0.0
8100,8100,8100,8100,0,PPH,0.0
8100,8100,8100,8100,0,PPH,0.0
8100,8100,8100,8100,0,PPH,0.0
8210,8410,8210,8410,1000,PPH,0.03827160493827164
8450,8450,8290,8450,1700,PPH,0.0047562425683709275
8450,8450,8450,8450,0,PPH,0.0
8450,8450,8450,8450,0,PPH,0.0
7830,7940,7830,7940,400,PPH,-0.06035502958579886
7940,7940,7940,7940,200,PPH,0.0
7940,7940,7940,7940,20,PPH,0.0
7940,7940,7940,7940,0,PPH,0.0
8000,8000,8000,8000,1500,PPH,0.007556675062972307
8000,8000,7940,7940,5100,PPH,-0.007499999999999951
7940,7940,7940,7940,0,PPH,0.0
8000,8000,7940,7940,900,PPH,0.0
8000,8000,8000,8000,0,PPH,0.007556675062972307
8000,8000,8000,8000,3000,PPH,0.0
8000,8000,8000,8000,0,PPH,0.0
8210,8210,8210,8210,1000,PPH,0.026250000000000107
8210,8210,8210,8210,13,PPH,0.0
8210,8210,8210,8210,0,PPH,0.0
7940,7940,7940,7940,200,PPH,-0.032886723507917215
7940,7940,7940,7940,0,PPH,0.0
7940,7940,7940,7940,13,PPH,0.0
8210,8210,8210,8210,100,PPH,0.03400503778337538
8210,8210,8210,8210,0,PPH,0.0
8210,8210,8210,8210,0,PPH,0.0
8210,8210,8210,8210,13400,PPH,0.0
8210,8210,8210,8210,3000,PPH,0.0
8210,8210,7830,7830,1500,PPH,-0.04628501827040199
8100,8100,8100,8100,0,PPH,0.034482758620689724
8210,8210,8210,8210,100,PPH,0.013580246913580174
8210,8210,8210,8210,0,PPH,0.0
8210,8210,8210,8210,3300,PPH,0.0
8210,8210,8210,8210,6500,PPH,0.0
9370,9370,8210,8210,1800,PPH,0.0
9430,9430,9430,9430,100,PPH,0.14859926918392197
9430,9430,9430,9430,0,PPH,0.0
9430,9430,9430,9430,0,PPH,0.0
9430,9430,9430,9430,0,PPH,0.0
10750,10750,10750,10750,100,PPH,0.13997879109225875
11680,11680,11680,11680,110,PPH,0.08651162790697664
9940,9940,9940,9940,113,PPH,-0.148972602739726
8450,11120,8450,8450,300,PPH,-0.14989939637826966
10650,10650,10650,10650,100,PPH,0.2603550295857988
12190,12190,9060,9060,2400,PPH,-0.14929577464788735
7940,7940,7940,7940,100,PPH,-0.12362030905077259
8710,8710,8000,8000,1100,PPH,0.007556675062972307
8710,8710,8710,8710,100,PPH,0.0887500000000001
9370,9370,7430,9370,100,PPH,0.07577497129735944
9370,9370,9370,9370,0,PPH,0.0
8560,8560,8560,8560,1000,PPH,-0.08644610458911417
8510,8510,8510,8510,1500,PPH,-0.005841121495327117
8039,8039,8039,8039,300,PPH,-0.055346650998824964
8450,8450,8450,8450,700,PPH,0.05112576191068552
8450,8450,8450,8450,0,PPH,0.0
8450,8450,8450,8450,0,PPH,0.0
8100,8100,8100,8100,100,PPH,-0.041420118343195256
8100,8100,8100,8100,0,PPH,0.0
8100,8100,8100,8100,0,PPH,0.0
8100,8100,8100,8100,0,PPH,0.0
8100,8100,8100,8100,0,PPH,0.0
8100,8100,8100,8100,0,PPH,0.0
8100,8100,8100,8100,0,PPH,0.0
8100,8100,8100,8100,0,PPH,0.0
8039,8210,8039,8210,1100,PPH,0.013580246913580174
8210,8210,8210,8210,500,PPH,0.0
8210,8210,8210,8210,0,PPH,0.0
8210,8210,8210,8210,0,PPH,0.0
8210,8210,8210,8210,0,PPH,0.0
8210,8210,8210,8210,0,PPH,0.0
8210,8210,8210,8210,0,PPH,0.0
8210,8210,8210,8210,0,PPH,0.0
8210,8210,8210,8210,0,PPH,0.0
8210,8210,8210,8210,0,PPH,0.0
8210,8210,8210,8210,0,PPH,0.0
8210,8210,8210,8210,0,PPH,0.0
8210,8210,8210,8210,0,PPH,0.0
8210,8210,8210,8210,0,PPH,0.0
8210,8210,8210,8210,0,PPH,0.0
8970,8970,8970,8970,702,PPH,0.09257003654080398
8970,8970,8970,8970,1,PPH,0.0
9110,9110,9110,9110,700,PPH,0.015607580824972045
9110,9110,9110,9110,2,PPH,0.0
9110,9110,9110,9110,1,PPH,0.0
9110,9110,9110,9110,0,PPH,0.0
9110,9110,9110,9110,0,PPH,0.0
9110,9110,9110,9110,0,PPH,0.0
9110,9110,9110,9110,0,PPH,0.0
8210,8210,8000,8000,1200,PPH,-0.12184412733260153
8450,8450,8450,8450,1000,PPH,0.05624999999999991
8450,8450,8450,8450,0,PPH,0.0
8450,8450,8450,8450,0,PPH,0.0
8450,8450,8450,8450,0,PPH,0.0
8450,8450,8450,8450,0,PPH,0.0
8450,8450,8450,8450,0,PPH,0.0
8150,8150,8150,8150,300,PPH,-0.035502958579881616
8910,8970,8910,8970,600,PPH,0.10061349693251542
8910,8910,8910,8910,100,PPH,-0.006688963210702337
8910,8910,8910,8910,0,PPH,0.0
8910,8910,8910,8910,100,PPH,0.0
8910,8910,8910,8910,0,PPH,0.0
8910,8910,8910,8910,0,PPH,0.0
8910,8910,8910,8910,0,PPH,0.0
8910,9020,8910,9020,8800,PPH,0.012345679012345734
8970,9020,8970,9020,8900,PPH,0.0
9220,9220,8970,9020,14700,PPH,0.0
9060,9060,9060,9060,0,PPH,0.0044345898004434225
9170,9170,9060,9060,13100,PPH,0.0
9020,9020,9020,9020,1000,PPH,-0.004415011037527616
8970,9020,8970,9020,5300,PPH,0.0
8970,9220,8970,9220,2000,PPH,0.022172949002217335
8970,9220,8970,9220,17200,PPH,0.0
9110,9220,9060,9220,24300,PPH,0.0
9110,9480,9110,9220,17919,PPH,0.0
9480,9990,9480,9890,32200,PPH,0.07266811279826468
9730,9730,8290,9220,9100,PPH,-0.06774519716885741
9730,9780,9370,9430,10400,PPH,0.022776572668112838
9370,9490,9370,9490,4700,PPH,0.006362672322375307
9730,9960,9490,9960,1600,PPH,0.04952581664910438
9530,9960,9530,9670,6000,PPH,-0.029116465863453844
9780,9780,9670,9670,700,PPH,0.0
9670,9670,9670,9670,1600,PPH,0.0
9670,9670,9530,9600,6800,PPH,-0.007238883143743546
9600,9600,9430,9430,7100,PPH,-0.017708333333333326
9530,9600,9530,9600,4100,PPH,0.018027571580063517
9530,9600,9530,9600,9000,PPH,0.0
9530,9530,9490,9490,5500,PPH,-0.011458333333333348
9530,9530,9530,9530,4500,PPH,0.004214963119072657
9530,9530,9530,9530,3500,PPH,0.0
9530,9530,9490,9490,6213,PPH,-0.0041972717733472775
9490,9490,9370,9370,1200,PPH,-0.012644889357218081
9430,9600,9430,9530,2700,PPH,0.01707577374599789
9600,9670,9600,9670,300,PPH,0.014690451206715638
9600,9600,9490,9490,4800,PPH,-0.018614270941054833
9600,9600,9430,9490,4200,PPH,0.0
9530,9600,9530,9600,1700,PPH,0.011591148577450028
9600,9670,9600,9670,2800,PPH,0.007291666666666696
9670,9730,9530,9530,7100,PPH,-0.014477766287487093
9670,9670,9670,9670,1000,PPH,0.014690451206715638
9530,9670,9530,9670,200,PPH,0.0
9670,9670,9600,9600,2000,PPH,-0.007238883143743546
9600,9670,9600,9600,8100,PPH,0.0
9600,9670,9600,9670,10000,PPH,0.007291666666666696
9670,9730,9670,9730,6000,PPH,0.006204756980351611
9780,9780,9730,9730,14000,PPH,0.0
9780,9900,9780,9900,1500,PPH,0.01747173689619741
9840,9840,9840,9840,0,PPH,-0.0060606060606061
9900,10000,9900,10000,213,PPH,0.016260162601626105
9960,9960,9960,9960,0,PPH,-0.0040000000000000036
9960,9960,9960,9960,0,PPH,0.0
9960,9960,9960,10000,3,PPH,0.004016064257028162
10370,10550,10310,10370,5421,PPH,0.03699999999999992
9960,9960,9960,9960,200,PPH,-0.0395371263259402
10080,10370,10080,10200,7400,PPH,0.024096385542168752
9840,9840,9840,9840,100,PPH,-0.03529411764705881
9840,9840,9840,9840,0,PPH,0.0
9840,9840,9840,9840,0,PPH,0.0
10080,10080,10080,10080,100,PPH,0.024390243902439046
10670,10670,10550,10670,8623,PPH,0.058531746031746046
10780,10780,10780,10780,508,PPH,0.010309278350515427
10670,10670,10670,10670,420,PPH,-0.010204081632653073
10370,10670,10370,10670,1700,PPH,0.0
10610,12090,10370,10670,6900,PPH,0.0
11150,11150,11150,11150,1100,PPH,0.04498594189315841
10370,11860,10370,11860,1300,PPH,0.0636771300448431
10550,10550,10550,10550,200,PPH,-0.1104553119730185
10430,10430,10370,10370,2000,PPH,-0.017061611374407537
10370,10370,10080,10080,4200,PPH,-0.027965284474445462
10140,10140,10140,10140,0,PPH,0.005952380952380931
10670,10670,10670,10670,128,PPH,0.05226824457593682
10670,10670,10670,10670,0,PPH,0.0
10670,10670,10670,10670,0,PPH,0.0
10670,10670,10670,10670,0,PPH,0.0
10670,10670,10670,10670,100,PPH,0.0
9840,9840,9600,9780,1100,PPH,-0.08341143392689787
10370,10370,9730,9780,14300,PPH,0.0
9780,9780,9780,9780,328,PPH,0.0
9840,9900,9840,9840,10700,PPH,0.006134969325153339
9840,9840,9840,9840,300,PPH,0.0
9840,9840,9780,9780,17100,PPH,-0.0060975609756097615
9670,9670,9670,9670,5000,PPH,-0.011247443762781195
9670,9670,9670,9670,0,PPH,0.0
9670,9670,9670,9670,0,PPH,0.0
9600,9600,9600,9600,2000,PPH,-0.007238883143743546
9490,9490,9490,9490,500,PPH,-0.011458333333333348
9490,9490,9490,9490,0,PPH,0.0
9490,9490,9490,9490,0,PPH,0.0
9490,9490,9370,9370,16100,PPH,-0.012644889357218081
9490,9490,9490,9490,100,PPH,0.012806830309498363
9370,9370,9370,9370,200,PPH,-0.012644889357218081
9370,9370,9370,9370,0,PPH,0.0
9370,9370,9370,9370,200,PPH,0.0
9370,9370,9370,9370,0,PPH,0.0
9370,9370,9370,9370,0,PPH,0.0
9370,9370,9370,9370,0,PPH,0.0
9370,9370,9370,9370,200,PPH,0.0
9370,9370,9370,9370,0,PPH,0.0
9370,9370,9370,9370,0,PPH,0.0
9370,9370,9370,9370,0,PPH,0.0
10490,10490,10490,10490,100,PPH,0.11953041622198501
9490,9490,9490,9490,900,PPH,-0.09532888465204958
9960,9960,8880,9490,1400,PPH,0.0
9730,9730,9730,9730,100,PPH,0.025289778714436162
9370,9370,9370,9370,200,PPH,-0.03699897225077087
9370,9370,9370,9370,0,PPH,0.0
9370,9370,9370,9370,0,PPH,0.0
9370,9370,9370,9370,0,PPH,0.0
9370,9370,9370,9370,0,PPH,0.0
9370,9370,9370,9370,0,PPH,0.0
9600,9600,9600,9600,100,PPH,0.0245464247598719
9190,9190,9190,9190,1000,PPH,-0.04270833333333335
9190,9190,9190,9190,0,PPH,0.0
9190,9190,9190,9190,1600,PPH,0.0
9530,9600,9190,9190,5200,PPH,0.0
9530,9530,9530,9530,300,PPH,0.03699673558215455
9530,9530,9530,9530,0,PPH,0.0
9530,9530,9490,9490,1500,PPH,-0.0041972717733472775
9490,9490,9490,9490,0,PPH,0.0
9490,9490,9490,9490,0,PPH,0.0
9490,9490,9490,9490,500,PPH,0.0
9490,9730,9490,9730,1100,PPH,0.025289778714436162
9530,9530,9490,9490,900,PPH,-0.02466598150051391
9010,9010,8880,8880,1000,PPH,-0.06427818756585879
9730,9730,9730,9730,100,PPH,0.09572072072072069
9730,9730,9730,9730,0,PPH,0.0
9730,9730,9730,9730,0,PPH,0.0
9730,9730,9730,9730,0,PPH,0.0
9730,9730,9730,9730,0,PPH,0.0
9730,9730,9730,9730,0,PPH,0.0
9730,9730,9730,9730,0,PPH,0.0
8880,8880,8290,8880,16200,PPH,-0.0873586844809866
8840,8840,8840,8840,0,PPH,-0.0045045045045044585
8840,8840,8840,8840,0,PPH,0.0
9370,9370,9370,9370,100,PPH,0.05995475113122173
9370,9370,9370,9370,0,PPH,0.0
8880,8950,8880,8950,1100,PPH,-0.04482390608324438
8880,8880,8880,8880,0,PPH,-0.007821229050279377
8880,8880,8880,8880,0,PPH,0.0
9300,9300,9300,9300,200,PPH,0.04729729729729737
9300,9300,9300,9300,0,PPH,0.0
9300,9300,9300,9300,0,PPH,0.0
9300,9300,9300,9300,0,PPH,0.0
9300,9300,9300,9300,0,PPH,0.0
9300,9300,9300,9300,0,PPH,0.0
9300,9300,9300,9300,0,PPH,0.0
9190,9490,9190,9490,1500,PPH,0.02043010752688179
9300,9300,9300,9300,0,PPH,-0.02002107481559534
9490,9490,9490,9490,100,PPH,0.02043010752688179
9490,9490,9490,9490,0,PPH,0.0
9490,9490,9490,9490,0,PPH,0.0
9490,9490,9490,9490,200,PPH,0.0
9490,9490,9490,9490,2000,PPH,0.0
8880,8880,8880,8880,600,PPH,-0.06427818756585879
8880,8880,8880,8880,500,PPH,0.0
8880,8880,8880,8880,0,PPH,0.0
9430,9430,9430,9430,100,PPH,0.061936936936936915
9430,9430,9430,9430,0,PPH,0.0
9490,9490,9490,9490,11300,PPH,0.006362672322375307
9490,9490,9490,9490,0,PPH,0.0
9490,9490,9490,9490,0,PPH,0.0
9490,9490,9490,9490,0,PPH,0.0
9490,9490,9490,9490,0,PPH,0.0
9370,9430,9010,9430,2100,PPH,-0.006322444678609096
9190,9190,9190,9190,0,PPH,-0.02545068928950156
9190,9190,9190,9190,0,PPH,0.0
9190,9190,9190,9190,0,PPH,0.0
9190,9190,9190,9190,0,PPH,0.0
9190,9190,9190,9190,0,PPH,0.0
9530,9670,9490,9670,1300,PPH,0.052230685527747456
9530,9530,9530,9530,0,PPH,-0.014477766287487093
9530,9530,9530,9530,0,PPH,0.0
9060,9060,9060,9060,1700,PPH,-0.04931794333683104
9010,9490,9010,9490,5100,PPH,0.04746136865342154
9300,9300,9300,9300,0,PPH,-0.02002107481559534
9300,9300,9300,9300,0,PPH,0.0
9300,9300,9300,9300,0,PPH,0.0
9300,9300,9300,9300,0,PPH,0.0
9300,9300,9300,9300,0,PPH,0.0
9300,9300,9300,9300,0,PPH,0.0
9300,9300,9300,9300,0,PPH,0.0
9300,9300,9300,9300,0,PPH,0.0
9300,9300,9300,9300,0,PPH,0.0
9300,9300,9300,9300,0,PPH,0.0
9300,9300,9300,9300,0,PPH,0.0
9190,9190,9010,9010,700,PPH,-0.03118279569892468
9060,9060,9060,9060,1300,PPH,0.005549389567147678
9120,9600,9120,9490,5300,PPH,0.04746136865342154
9730,9730,9730,9730,100,PPH,0.025289778714436162
9730,9730,9730,8880,1600,PPH,-0.0873586844809866
9490,9490,9060,9060,11000,PPH,0.020270270270270174
9430,9430,9430,9430,0,PPH,0.04083885209713034
9370,9370,9120,9120,2000,PPH,-0.0328738069989396
9120,9120,9120,9120,0,PPH,0.0
9120,9430,9120,9430,10200,PPH,0.033991228070175517
9490,9730,9490,9730,200,PPH,0.03181336161187698
9670,9670,9670,9670,6700,PPH,-0.006166495375128478
9670,9670,9670,9670,0,PPH,0.0
9670,9670,9670,9670,0,PPH,0.0
9670,9670,9670,9670,0,PPH,0.0
9670,9670,9670,9670,0,PPH,0.0
9840,9840,9840,9840,100,PPH,0.0175801447776629
9840,9840,9840,9840,0,PPH,0.0
9120,9120,8880,8880,1500,PPH,-0.09756097560975607
9730,9730,9730,9730,100,PPH,0.09572072072072069
9780,9780,9490,9490,3100,PPH,-0.02466598150051391
9490,9840,9490,9780,4700,PPH,0.030558482613277205
9840,9840,9840,9840,100,PPH,0.006134969325153339
9840,9840,9840,9840,0,PPH,0.0
9900,9900,9900,9900,300,PPH,0.0060975609756097615
9960,9960,9960,9960,100,PPH,0.0060606060606061
9190,9190,9190,9190,10000,PPH,-0.07730923694779113
9190,9190,9190,9190,0,PPH,0.0
9190,9190,9190,9190,0,PPH,0.0
9190,9190,9190,9300,2400,PPH,0.01196953210010876
9490,9730,9490,9730,3500,PPH,0.04623655913978486
9490,9490,9490,9490,0,PPH,-0.02466598150051391
9840,9840,9840,9840,200,PPH,0.03688092729188619
9490,9490,9490,9490,14000,PPH,-0.03556910569105687
9490,9840,9490,9840,800,PPH,0.03688092729188619
9490,9490,9490,9490,1000,PPH,-0.03556910569105687
9490,9780,9490,9490,2400,PPH,0.0
9780,9780,9490,9490,8400,PPH,0.0
9840,9840,9840,9840,100,PPH,0.03688092729188619
9490,9490,9490,9490,1000,PPH,-0.03556910569105687
9490,9490,9490,9490,0,PPH,0.0
9490,9490,9490,9490,0,PPH,0.0
9490,9490,9490,9490,0,PPH,0.0
9490,9490,9490,9490,0,PPH,0.0
9730,9730,8880,8880,20300,PPH,-0.06427818756585879
8880,8880,8880,8880,400,PPH,0.0
9430,9430,8880,8880,29600,PPH,0.0
8880,8880,8880,8880,1500,PPH,0.0
9120,9120,9120,9120,200,PPH,0.027027027027026973
9430,9430,9430,9430,100,PPH,0.033991228070175517
8880,8880,8880,8880,4500,PPH,-0.05832449628844116
8600,8600,8600,8600,38100,PPH,-0.03153153153153154
9840,9840,9840,9840,100,PPH,0.1441860465116278
8880,8880,8880,8880,10000,PPH,-0.09756097560975607
8880,8880,8880,8880,0,PPH,0.0
8880,8880,8880,8880,0,PPH,0.0
8290,8290,8290,8290,600,PPH,-0.06644144144144148
8290,8290,8290,8290,0,PPH,0.0
8290,8290,8290,8290,0,PPH,0.0
8290,8290,8290,8290,0,PPH,0.0
8290,8290,8290,8290,0,PPH,0.0
9370,9430,9370,9430,200,PPH,0.13751507840772015
8950,8950,8290,8290,5100,PPH,-0.1208907741251326
9010,9010,9010,9010,100,PPH,0.08685162846803385
9010,9010,9010,9010,0,PPH,0.0
9010,9010,9010,9010,6,PPH,0.0
9010,9010,9010,9010,0,PPH,0.0
9960,9960,9960,9960,100,PPH,0.10543840177580477
9960,10000,9960,10000,1600,PPH,0.004016064257028162
9960,9960,9960,9960,0,PPH,-0.0040000000000000036
9960,9960,9960,9960,0,PPH,0.0
9960,9960,9960,9960,0,PPH,0.0
9960,9960,9960,9960,0,PPH,0.0
9960,9960,9960,9960,0,PPH,0.0
9960,8480,8480,8480,1500,PPH,-0.14859437751004012
8480,8480,8480,8480,0,PPH,0.0
8480,8480,8480,8480,0,PPH,0.0
8480,8480,8480,8480,0,PPH,0.0
8480,8480,8480,8480,0,PPH,0.0
8600,8600,8600,8600,100,PPH,0.014150943396226356
8600,8600,8600,8600,200,PPH,0.0
8600,8600,8600,8600,0,PPH,0.0
8600,8600,8600,8600,0,PPH,0.0
8600,8600,8600,8600,0,PPH,0.0
9190,9190,9190,9190,100,PPH,0.06860465116279069
9060,9060,9010,9010,300,PPH,-0.019586507072905324
9060,9060,9060,9060,0,PPH,0.005549389567147678
9060,9060,9060,9060,100,PPH,0.0
8880,8880,8600,8880,4300,PPH,-0.019867549668874163
8600,8600,8600,8600,0,PPH,-0.03153153153153154
8600,8600,8600,8600,200,PPH,0.0
8650,8650,8600,8600,1800,PPH,0.0
8480,8480,8480,8480,400,PPH,-0.013953488372092981
8480,8480,8480,8480,0,PPH,0.0
8480,8480,8480,8480,0,PPH,0.0
8480,8480,8480,8480,0,PPH,0.0
8480,8480,8480,8480,0,PPH,0.0
8480,8480,8480,8480,0,PPH,0.0
8360,8760,8360,8760,2600,PPH,0.03301886792452824
9010,9010,9010,9010,100,PPH,0.028538812785388057
9010,9010,9010,9010,4100,PPH,0.0
9370,9370,9370,9370,100,PPH,0.039955604883462836
9010,9010,9010,9010,500,PPH,-0.0384204909284952
9010,9010,9010,9010,0,PPH,0.0
9010,9010,9010,9010,900,PPH,0.0
9670,9670,9670,9670,100,PPH,0.07325194228634846
9670,9670,9670,9670,0,PPH,0.0
8240,8240,8240,8240,100,PPH,-0.1478800413650465
8360,8360,8290,8290,2700,PPH,0.0060679611650484855
8010,8010,8010,8010,100,PPH,-0.033775633293124274
8010,8010,8010,8010,0,PPH,0.0
8290,8880,8290,8880,5660,PPH,0.10861423220973787
8880,8880,8880,8880,0,PPH,0.0
9530,9730,9530,9730,2203,PPH,0.09572072072072069
9600,9730,9600,9730,5600,PPH,0.0
8880,8880,8880,8880,100,PPH,-0.0873586844809866
8880,8880,8880,8880,0,PPH,0.0
9490,9490,9490,9490,7233,PPH,0.06869369369369371
9780,9780,9780,9780,100,PPH,0.030558482613277205
9670,9670,9490,9490,6600,PPH,-0.029652351738241323
9490,9490,9490,9490,1100,PPH,0.0
9490,9490,9490,9490,0,PPH,0.0
9490,9490,9490,9490,0,PPH,0.0
9900,10490,9490,9490,1300,PPH,0.0
9490,9490,9490,9490,4500,PPH,0.0
10370,10850,10370,10610,33800,PPH,0.11801896733403572
10850,10850,10370,10490,17120,PPH,-0.011310084825636224
10550,10550,10430,10430,6500,PPH,-0.0057197330791229906
10490,10670,10490,10550,7056,PPH,0.011505273250239645
10910,10910,10610,10610,5035,PPH,0.005687203791469253
10670,10670,10430,10490,14521,PPH,-0.011310084825636224
10500,10910,10370,10370,27206,PPH,-0.011439466158245981
10770,10770,9890,10500,3150,PPH,0.012536162005786
10640,10640,9690,9690,6480,PPH,-0.07714285714285718
10230,10230,9620,10100,1400,PPH,0.04231166150670784
9890,9890,9150,9210,4200,PPH,-0.08811881188118809
9150,10020,9150,10020,200,PPH,0.08794788273615639
9490,9490,9150,9490,2100,PPH,-0.05289421157684626
9420,9420,9420,9420,220,PPH,-0.00737618545837726
9020,9070,8060,8950,14590,PPH,-0.04989384288747345
8260,8260,7260,7780,19550,PPH,-0.13072625698324025
7460,8470,7460,8470,2600,PPH,0.0886889460154241
7520,7780,7520,7590,820,PPH,-0.10389610389610393
7930,8810,7930,8810,7720,PPH,0.16073781291172606
8610,8810,8530,8810,4325,PPH,0.0
9150,9150,8610,8610,200,PPH,-0.022701475595913734
9020,9020,8670,8670,2100,PPH,0.006968641114982521
8810,9210,8810,8870,800,PPH,0.023068050749711633
9020,9150,9020,9150,600,PPH,0.031567080045095786
9070,9210,8810,8950,9330,PPH,-0.021857923497267784
9210,9210,9020,9020,1500,PPH,0.007821229050279266
9210,9210,9020,9020,1400,PPH,0.0
9150,9150,8950,9020,12500,PPH,0.0
8950,9070,8950,9020,7300,PPH,0.0
8950,8950,8950,8950,500,PPH,-0.0077605321507761005
8870,9280,8870,9280,3501,PPH,0.036871508379888285
9490,9490,9350,9490,2500,PPH,0.022629310344827624
9490,9490,9490,9490,2000,PPH,0.0
9150,9150,9150,9150,11000,PPH,-0.035827186512118026
9150,9150,9150,9150,20196,PPH,0.0
9210,9280,9150,9280,3530,PPH,0.014207650273224015
9420,9490,9280,9490,2900,PPH,0.022629310344827624
9350,9350,9350,9350,1120,PPH,-0.01475237091675452
9350,9620,9350,9420,2802,PPH,0.007486631016042855
9620,9620,9420,9490,4100,PPH,0.007430997876857859
10020,10020,9620,9620,1804,PPH,0.013698630136986356
9890,9890,9890,9890,0,PPH,0.028066528066527985
9890,9890,9890,9890,0,PPH,0.0
9690,9690,9540,9540,5150,PPH,-0.03538928210313452
9490,9620,9490,9620,3500,PPH,0.008385744234800763
9540,9540,9540,9620,80,PPH,0.0
9490,9490,9420,9490,16520,PPH,-0.013513513513513487
9420,9620,9350,9620,14710,PPH,0.013698630136986356
9490,9540,9490,9540,300,PPH,-0.008316008316008316
9750,9890,9750,9830,13600,PPH,0.03039832285115307
9830,9960,9830,9960,13520,PPH,0.01322482197355046
9830,9960,9830,9960,2670,PPH,0.0
10160,10160,9830,9830,15129,PPH,-0.013052208835341417
9890,9960,9890,9960,300,PPH,0.01322482197355046
9830,9830,9830,9830,18600,PPH,-0.013052208835341417
9690,9690,9690,9690,2400,PPH,-0.014242115971515812
9690,9690,9620,9690,10200,PPH,0.0
9750,9750,9750,9750,1000,PPH,0.006191950464396356
9890,9890,9890,9890,100,PPH,0.014358974358974264
9890,10300,9890,9890,14320,PPH,0.0
9960,9960,9890,9890,5500,PPH,0.0
9890,10020,9890,9890,11030,PPH,0.0
10020,10020,10020,10020,500,PPH,0.013144590495449915
9890,9890,9890,9890,2200,PPH,-0.012974051896207595
10100,10100,9960,9960,3800,PPH,0.00707785642062686
10020,10020,10020,10020,6100,PPH,0.006024096385542244
10160,10160,10100,10100,12131,PPH,0.007984031936127733
10020,10100,10020,10100,310,PPH,0.0
10100,10100,10100,10100,800,PPH,0.0
10100,10100,10100,10100,0,PPH,0.0
10020,10100,10020,10100,531,PPH,0.0
10100,10100,10100,10100,1100,PPH,0.0
10160,10160,10160,10160,300,PPH,0.005940594059405946
10160,10160,10160,10160,0,PPH,0.0
10100,10100,10100,10100,300,PPH,-0.0059055118110236116
9830,10100,9830,10100,400,PPH,0.0
10160,10160,10160,10160,151,PPH,0.005940594059405946
9830,9890,9830,9890,15500,PPH,-0.026574803149606252
9890,9890,9890,9890,1000,PPH,0.0
10020,10020,10020,10020,300,PPH,0.013144590495449915
10020,10020,10020,10020,300,PPH,0.0
9890,9890,9830,9830,2900,PPH,-0.01896207584830334
9960,10020,9890,9890,20000,PPH,0.006103763987792554
9960,10160,9960,10020,30300,PPH,0.013144590495449915
10160,10370,10100,10160,18400,PPH,0.013972055888223478
10160,10160,10160,10160,300,PPH,0.0
10160,10160,10160,10160,3000,PPH,0.0
10500,10500,10300,10300,4500,PPH,0.013779527559055094
10300,10370,10300,10370,6500,PPH,0.006796116504854455
10500,10500,10500,10500,1500,PPH,0.012536162005786
10500,10500,10500,10500,1500,PPH,0.0
10500,10500,10500,10500,0,PPH,0.0
10500,10500,10160,10160,5600,PPH,-0.0323809523809524
10160,10370,10160,10370,6900,PPH,0.02066929133858264
10300,10370,10300,10370,15800,PPH,0.0
10500,10500,10500,10500,11800,PPH,0.012536162005786
10500,10570,10500,10570,1300,PPH,0.006666666666666599
10570,10640,10570,10640,2030,PPH,0.0066225165562914245
10840,10840,10840,10840,800,PPH,0.018796992481203034
10910,10910,10910,10910,330,PPH,0.0064575645756457245
10720,10840,10720,10720,2300,PPH,-0.01741521539871682
10770,10770,10770,10770,100,PPH,0.004664179104477695
10720,10840,10720,10770,12300,PPH,0.0
10840,10840,10640,10640,95230,PPH,-0.0120705663881151
10640,10640,10640,10640,101,PPH,0.0
10980,10980,10980,10980,100,PPH,0.03195488721804507
11050,11110,11050,11110,1500,PPH,0.011839708561020013
11110,11180,11050,11050,17010,PPH,-0.005400540054005365
11390,11450,11310,11310,31600,PPH,0.0235294117647058
11240,11870,11180,11870,8000,PPH,0.04951370468611849
11240,11390,11050,11050,12400,PPH,-0.06908171861836565
10980,11050,10840,11050,54210,PPH,0.0
11180,12200,11110,12200,300,PPH,0.10407239819004532
11520,11870,11520,11870,51300,PPH,-0.02704918032786885
11580,12200,11580,12200,390,PPH,0.02780117944397631
11920,12120,11920,12120,800,PPH,-0.006557377049180357
11990,12340,11920,11920,7100,PPH,-0.01650165016501648
11990,11990,11520,11520,4010,PPH,-0.03355704697986572
12120,12120,12120,12120,100,PPH,0.05208333333333326
12340,12340,12340,12340,100,PPH,0.018151815181518094
12120,12200,11790,12200,547,PPH,-0.011345218800648316
12260,12260,12260,12260,100,PPH,0.004918032786885185
11790,11790,11520,11520,4800,PPH,-0.06035889070146816
12200,12200,12200,12200,100,PPH,0.05902777777777768
11580,12200,11580,12200,200,PPH,0.0
12120,12120,12120,12120,100,PPH,-0.006557377049180357
11720,11720,11520,11520,8323,PPH,-0.04950495049504955
12050,12050,12050,12050,1010,PPH,0.04600694444444442
12050,12050,11650,11790,3900,PPH,-0.021576763485477213
11990,11990,11720,11720,9120,PPH,-0.00593723494486853
11520,11580,11520,11520,22000,PPH,-0.017064846416382284
11790,11870,11650,11790,9800,PPH,0.0234375
11790,11790,11790,11790,511,PPH,0.0
11990,11990,11720,11720,11800,PPH,-0.00593723494486853
11990,12810,11990,12730,24120,PPH,0.08617747440273038
13210,13210,12810,12810,10700,PPH,0.00628436763550666
13480,13480,12600,12870,9900,PPH,0.004683840749414525
13210,13560,12870,13480,31700,PPH,0.04739704739704731
13560,14910,13560,14910,29400,PPH,0.10608308605341255
14560,14560,13410,13560,15600,PPH,-0.0905432595573441
13810,14090,13280,14090,10700,PPH,0.039085545722713944
14230,14850,13810,14500,17000,PPH,0.02909865152590485
14230,14230,13900,13900,12200,PPH,-0.04137931034482756
15250,15250,13900,14560,25100,PPH,0.04748201438848931
13950,14230,13900,13950,30400,PPH,-0.04189560439560436
14560,14560,13610,13610,23710,PPH,-0.024372759856630788
13280,13280,12200,12200,32921,PPH,-0.10360029390154302
12200,12530,12200,12530,1900,PPH,0.02704918032786896
13410,13480,12340,12340,17500,PPH,-0.015163607342378316
12340,12870,12340,12870,700,PPH,0.04294975688816849
13210,13560,12940,13560,10400,PPH,0.053613053613053685
13900,13900,13210,13480,4400,PPH,-0.005899705014749235
13350,13410,13350,13410,6600,PPH,-0.005192878338278972
13480,13480,13210,13280,8100,PPH,-0.009694258016405666
13410,14430,13410,14430,12000,PPH,0.08659638554216875
14160,14160,14030,14160,6500,PPH,-0.018711018711018657
13480,14230,13480,14230,12510,PPH,0.004943502824858781
13900,14640,13900,14500,83600,PPH,0.018973998594518537
14370,14370,14030,14370,9800,PPH,-0.008965517241379284
14500,14500,14090,14160,25200,PPH,-0.014613778705636737
14230,14230,13810,14230,7900,PPH,0.004943502824858781
14030,14160,13900,14160,28900,PPH,-0.004919184820801115
14030,14370,13900,14030,28100,PPH,-0.00918079096045199
14090,14500,14090,14500,16229,PPH,0.03349964362081259
14370,14560,14290,14560,4800,PPH,0.004137931034482678
14560,15180,14500,14560,46800,PPH,0.0
15040,15040,14560,14640,48100,PPH,0.005494505494505475
14640,14910,14230,14910,18900,PPH,0.018442622950819665
14910,15380,14770,15040,161800,PPH,0.00871898054996656
15040,15590,14850,15180,110229,PPH,0.009308510638297962
15250,16600,14970,16600,121845,PPH,0.09354413702239794
16600,17630,16129,16600,127900,PPH,0.0
16540,16600,16129,16260,65100,PPH,-0.02048192771084334
16190,16940,15780,15780,140000,PPH,-0.029520295202952074
16460,16460,15920,16329,111200,PPH,0.03479087452471474
16129,16660,16129,16660,128400,PPH,0.020270684059036093
16660,16660,16190,16329,50400,PPH,-0.019867947178871526
16400,16400,15920,16329,47653,PPH,0.0
16260,16260,15780,16059,100000,PPH,-0.01653499908138889
15920,15980,15650,15780,59500,PPH,-0.017373435456753183
15780,17950,15780,17470,218700,PPH,0.10709759188846646
17410,18570,17410,17950,256300,PPH,0.027475672581568356
17950,18020,16940,17950,121174,PPH,0.0
17680,18430,17280,17750,164400,PPH,-0.011142061281337101
17880,19640,17470,19580,475100,PPH,0.10309859154929568
20260,20460,19640,19990,151714,PPH,0.02093973442288055
19920,19920,19240,19640,114300,PPH,-0.017508754377188573
19520,21210,19520,20460,217928,PPH,0.04175152749490829
20330,21340,19640,21000,58500,PPH,0.02639296187683282
20660,20660,20190,20330,81000,PPH,-0.03190476190476188
20330,20330,19860,20190,119600,PPH,-0.00688637481554355
19990,20120,19320,19640,135300,PPH,-0.02724120851906886
19520,19860,19440,19580,24346,PPH,-0.003054989816700604
19640,19640,19160,19160,61600,PPH,-0.021450459652706866
19370,19370,18770,18770,91500,PPH,-0.020354906054279698
18300,18970,18300,18700,40846,PPH,-0.0037293553542887548
18700,18970,18300,18630,61782,PPH,-0.0037433155080214275
18630,18630,16940,17950,90082,PPH,-0.036500268384326406
17950,18020,17830,18020,50700,PPH,0.003899721448467952
18020,18430,17750,18300,64810,PPH,0.015538290788013276
18020,18020,17140,17140,49902,PPH,-0.06338797814207653
17140,17280,16260,16940,83934,PPH,-0.011668611435239229
17140,17210,16260,16460,38600,PPH,-0.02833530106257376
16460,16790,16400,16600,29728,PPH,0.008505467800729027
16540,17950,16540,17680,58300,PPH,0.06506024096385543
17680,17680,17410,17410,29908,PPH,-0.015271493212669629
16940,18090,16880,17830,72400,PPH,0.024124066628374408
17880,17880,17410,17410,53700,PPH,-0.023555804823331417
17470,17470,16740,16880,74902,PPH,-0.030442274554853488
16940,16940,16329,16600,49700,PPH,-0.016587677725118488
16540,17630,16540,17140,29900,PPH,0.032530120481927716
17210,17280,16740,16740,46600,PPH,-0.023337222870478458
17000,17350,16740,17140,56560,PPH,0.0238948626045401
17000,17350,16940,17210,83300,PPH,0.0040840140023337135
17210,17410,17140,17140,29801,PPH,-0.004067402672864651
17210,17470,16940,17000,41700,PPH,-0.008168028004667427
17000,17140,16740,16940,50208,PPH,-0.003529411764705892
16940,16940,16740,16790,34900,PPH,-0.008854781582054327
16880,16940,16660,16880,46700,PPH,0.005360333531864159
16940,17280,16880,17070,61400,PPH,0.01125592417061605
17070,17280,16660,17070,122800,PPH,0.0
17000,18090,17000,17830,102110,PPH,0.04452255418863493
18230,18830,17630,17880,58758,PPH,0.0028042624789679227
17630,17880,17210,17470,38900,PPH,-0.022930648769574957
17350,18090,17210,17680,84910,PPH,0.01202060675443617
17630,17880,17410,17750,55800,PPH,0.0039592760180995334
16740,17630,16660,17630,103900,PPH,-0.006760563380281637
17410,18160,17350,18160,89800,PPH,0.03006239364719221
18320,18690,17880,18170,61900,PPH,0.0005506607929515184
18110,18110,17230,17830,113000,PPH,-0.01871216290588884
17610,17830,17230,17740,95200,PPH,-0.0050476724621424385
17610,17960,17230,17670,58100,PPH,-0.003945885005636973
17610,17610,17400,17530,34100,PPH,-0.007923033389926393
17450,17530,17400,17450,42000,PPH,-0.00456360524814603
17320,17530,17320,17530,43200,PPH,0.004584527220630408
17610,18960,17610,18540,215303,PPH,0.05761551625784378
18540,19400,18540,18690,129254,PPH,0.008090614886731462
18960,19040,18750,18820,78818,PPH,0.006955591225254132
18690,18820,18110,18750,66200,PPH,-0.0037194473963868546
18690,20110,18690,19260,311435,PPH,0.02719999999999989
19260,20110,19180,19550,221900,PPH,0.015057113187954219
19760,19760,18960,19180,70600,PPH,-0.01892583120204605
19180,19550,18390,18690,144200,PPH,-0.025547445255474477
18540,18540,17960,18260,85400,PPH,-0.02300695559122523
18260,18260,18040,18110,55640,PPH,-0.008214676889375716
18040,18690,18040,18390,33800,PPH,0.015461071231363865
18320,18320,18110,18110,38300,PPH,-0.015225666122892889
18170,18390,18170,18170,28500,PPH,0.00331308669243513
18110,18260,18040,18110,36901,PPH,-0.003302146395156802
18110,18320,17830,18320,84900,PPH,0.011595803423522844
17960,18110,17830,17960,35200,PPH,-0.01965065502183405
17960,17960,16590,16590,48900,PPH,-0.0762806236080178
16900,17670,16900,17170,36000,PPH,0.03496081977094634
17230,17880,17230,17610,17800,PPH,0.025626092020966773
17400,17450,16960,16960,52800,PPH,-0.03691084611016471
16960,16960,16020,16170,50200,PPH,-0.046580188679245293
18320,18320,16530,16660,13700,PPH,0.030303030303030276
16680,16750,16040,16170,44600,PPH,-0.02941176470588236
17410,17410,16550,16610,37900,PPH,0.027210884353741527
16610,17250,16610,17250,34400,PPH,0.03853100541842269
17040,17040,16040,16250,8700,PPH,-0.05797101449275366
16120,17110,16120,17110,12500,PPH,0.05292307692307685
17110,17250,16680,17190,7300,PPH,0.004675628287551081
17460,19630,17460,19630,405900,PPH,0.14194299011052935
19770,20630,19130,19260,304100,PPH,-0.01884870096790625
19770,22430,19770,22360,1072600,PPH,0.16095534787123578
22140,23810,22010,22430,484200,PPH,0.0031305903398926027
21570,22570,21140,21710,244600,PPH,-0.032099866250557274
22300,23310,22300,23020,256400,PPH,0.06034085674804235
24090,25540,23440,25080,441400,PPH,0.08948740225890539
25870,25870,23160,23510,134400,PPH,-0.06259968102073366
24450,25150,22300,23310,216800,PPH,-0.008507018290089374
24450,24450,22360,22800,53800,PPH,-0.02187902187902191
22720,22800,22010,22720,109800,PPH,-0.0035087719298245723
22510,23310,22220,23080,109700,PPH,0.015845070422535246
23350,26100,23350,26100,558300,PPH,0.13084922010398614
26390,26610,25960,25960,196600,PPH,-0.005363984674329525
26250,26250,25370,25810,98200,PPH,-0.005778120184899871
25810,25810,24640,25030,159100,PPH,-0.030220844633862876
24640,24870,24300,24730,140600,PPH,-0.011985617259288817
24640,25580,24640,25370,198900,PPH,0.025879498584714833
25030,25150,24140,24800,84300,PPH,-0.022467481277098966
24800,25030,24300,24350,74400,PPH,-0.01814516129032262
24510,25530,24300,24800,175300,PPH,0.01848049281314168
24640,25370,24640,25030,95200,PPH,0.0092741935483871
25030,26820,25030,26610,435800,PPH,0.06312425089892137
26680,27180,26250,26750,212100,PPH,0.005261180007515964
26820,27770,26820,27410,248600,PPH,0.024672897196261756
27480,28930,27480,28500,405900,PPH,0.03976650857351327
28500,30090,28500,29070,374700,PPH,0.020000000000000018
27560,29000,26100,27980,812600,PPH,-0.037495700034399726
27980,29370,27910,28650,299300,PPH,0.023945675482487383
28650,28850,27690,27770,268200,PPH,-0.030715532286212932
27770,27980,27180,27330,318900,PPH,-0.01584443644220379
27330,27330,26530,26680,349700,PPH,-0.023783388218075352
26890,27040,26460,27040,99400,PPH,0.013493253373313419
26970,27910,26970,27910,124300,PPH,0.03217455621301779
27770,27910,27330,27560,109600,PPH,-0.01254030813328555
27560,27620,27180,27330,172500,PPH,-0.00834542815674888
26890,27620,26890,27270,132000,PPH,-0.002195389681668547
27690,27690,26610,27560,222200,PPH,0.010634396773010701
27120,27480,26680,26890,140900,PPH,-0.02431059506531208
26890,27180,26460,27120,138000,PPH,0.008553365563406468
26820,26890,26610,26680,93500,PPH,-0.016224188790560423
26680,27120,26680,26890,66100,PPH,0.007871064467766198
26970,26970,26390,26750,172600,PPH,-0.005206396429899618
26610,26610,23190,26030,221500,PPH,-0.02691588785046728
25450,26100,24730,24730,142200,PPH,-0.04994237418363423
24730,26100,24640,25740,110100,PPH,0.04084108370400319
25740,25740,24640,25150,74400,PPH,-0.02292152292152294
24940,25670,24870,25530,75900,PPH,0.015109343936381636
25240,25580,24940,25300,21200,PPH,-0.009009009009009028
24510,25150,24510,24800,37800,PPH,-0.01976284584980237
24640,25370,24640,25080,69200,PPH,0.011290322580645107
25030,26100,25030,25670,57600,PPH,0.023524720893141948
25150,25740,24870,25580,44500,PPH,-0.0035060381768601268
25370,25580,24640,25150,29600,PPH,-0.016810007818608308
24300,24940,23780,24510,46400,PPH,-0.02544731610337969
23920,24510,23920,24350,23700,PPH,-0.006527947776417742
24640,25810,24640,25810,61400,PPH,0.05995893223819304
25580,25580,25030,25300,63500,PPH,-0.01975978302983339
25030,25370,24870,25030,34100,PPH,-0.01067193675889333
25080,25150,24640,24640,79700,PPH,-0.015581302437075562
24640,24940,24350,24940,89200,PPH,0.012175324675324672
24640,25030,24640,24800,37600,PPH,-0.005613472333600655
24730,25240,24730,24870,45500,PPH,0.0028225806451613877
24640,25740,24640,25300,88200,PPH,0.017289907519099312
25150,25370,24640,24640,63200,PPH,-0.02608695652173909
24640,24800,24510,24800,39600,PPH,0.006493506493506551
24590,24800,24300,24510,72900,PPH,-0.011693548387096797
24350,24350,21250,23570,97800,PPH,-0.03835169318645448
24000,24300,23190,23190,115600,PPH,-0.016122189223589323
23410,24870,23410,23570,10000,PPH,0.01638637343682614
23780,23780,23190,23570,19800,PPH,0.0
23570,23570,23190,23410,46000,PPH,-0.006788290199406077
23340,23570,23190,23410,17900,PPH,0.0
23570,23920,23190,23920,22400,PPH,0.021785561725758296
24060,24060,23340,24000,33700,PPH,0.0033444816053511683
24000,24140,23570,23570,45200,PPH,-0.017916666666666692
23630,23630,23190,23570,33300,PPH,0.0
23280,24440,23280,24350,93500,PPH,0.033092914722104405
24300,24300,23840,23840,30600,PPH,-0.02094455852156063
23410,23780,23410,23490,10900,PPH,-0.01468120805369133
23490,23920,22760,23190,61300,PPH,-0.012771392081736943
22490,23190,22490,22760,32800,PPH,-0.018542475204829656
22610,23190,22490,23190,11400,PPH,0.018892794376098365
22830,23190,21760,21760,30300,PPH,-0.061664510564898634
21970,22490,21760,21760,52900,PPH,0.0
21760,22340,21530,22100,14800,PPH,0.015625
22100,22830,22100,22830,15100,PPH,0.0330316742081449
22490,22700,22490,22490,5500,PPH,-0.014892685063512934
22610,22610,21760,21760,20900,PPH,-0.03245887060915964
21760,21760,21760,21760,1600,PPH,0.0
21760,22550,21760,21760,5600,PPH,0.0
22490,25030,22490,24140,85800,PPH,0.109375
24640,24730,23570,24140,36800,PPH,0.0
24640,24640,24300,24510,24400,PPH,0.015327257663628746
24300,24510,21760,24300,51400,PPH,-0.008567931456548328
24440,24510,24300,24350,56500,PPH,0.002057613168724215
24350,24440,24140,24140,29600,PPH,-0.008624229979466103
24210,24350,24060,24060,21200,PPH,-0.003314001657000798
23780,24210,23570,23920,31400,PPH,-0.005818786367414841
23920,24510,23630,24510,74000,PPH,0.02466555183946495
24440,24590,24060,24210,69600,PPH,-0.012239902080783405
24350,24510,24000,24300,34500,PPH,0.0037174721189590088
24350,24510,24300,24510,76200,PPH,0.00864197530864197
24350,25530,24350,25240,104900,PPH,0.029783761729906155
25240,25240,24800,25030,58800,PPH,-0.008320126782884296
25030,26100,25030,25670,123600,PPH,0.025569316819816112
25580,25580,24640,25080,87200,PPH,-0.02298402804830546
25150,25530,25080,25370,43300,PPH,0.011562998405103775
25370,25370,24730,24870,22200,PPH,-0.019708316909735957
24350,25370,24350,25240,35400,PPH,0.014877362283876261
24870,25150,24640,25030,79700,PPH,-0.008320126782884296
25150,25670,24590,25530,90700,PPH,0.019976028765481324
25670,25670,25030,25240,27700,PPH,-0.011359185272228789
24730,25370,24730,25150,54700,PPH,-0.003565768621236143
25240,25240,24510,24800,69900,PPH,-0.013916500994035741
24730,25240,24440,24940,44200,PPH,0.005645161290322553
25030,27040,25030,26680,333100,PPH,0.06976744186046502
26100,27410,26100,26250,81600,PPH,-0.016116941529235373
26250,26460,25530,25740,44300,PPH,-0.01942857142857146
25530,25960,25080,25670,57400,PPH,-0.00271950271950272
26280,26280,25450,25820,51900,PPH,0.005843396961433545
25820,26850,25820,26720,106000,PPH,0.03485670023237808
26120,26850,26040,26790,92400,PPH,0.0026197604790418882
26790,26790,26330,26570,86600,PPH,-0.008212019410227644
26790,26790,26420,26570,84400,PPH,0.0
26330,26500,26190,26190,42500,PPH,-0.01430184418517122
26040,26280,25970,26120,41800,PPH,-0.002672775868652111
26120,26330,26120,26280,50700,PPH,0.006125574272588086
26570,27980,26120,27760,358800,PPH,0.05631659056316596
27470,28660,27470,28060,150500,PPH,0.010806916426512991
26790,28280,26500,27600,129000,PPH,-0.016393442622950838
27600,28740,27600,28510,280600,PPH,0.032971014492753525
28740,28740,28360,28510,71600,PPH,0.0
29250,29250,28220,28360,86400,PPH,-0.005261311820413894
28360,28360,27840,27910,89300,PPH,-0.015867418899858987
27910,28510,27600,27760,99400,PPH,-0.005374417771408124
27840,28360,27470,27600,112100,PPH,-0.0057636887608069065
27840,27840,26950,26950,116100,PPH,-0.023550724637681153
27020,27020,26330,26330,56400,PPH,-0.023005565862708743
26570,27250,26040,27250,45200,PPH,0.03494113178883396
26640,27470,26420,27470,48000,PPH,0.008073394495412778
27090,30820,27090,29930,637400,PPH,0.08955223880597019
30000,30970,29490,30080,172000,PPH,0.005011693952555962
30590,30590,28810,28870,147200,PPH,-0.04022606382978722
28220,28510,27090,27690,318600,PPH,-0.04087287842050569
27690,28740,26570,27980,271100,PPH,0.010473094980137265
27690,28660,24610,26190,241300,PPH,-0.06397426733380984
26040,26500,23510,23870,169700,PPH,-0.08858342878961434
23140,24470,23140,23870,88300,PPH,0.0
24470,25370,23740,25300,64300,PPH,0.05990783410138256
25300,28120,25010,28120,302600,PPH,0.1114624505928854
27840,29490,27840,28740,84900,PPH,0.02204836415362732
28740,29700,28510,29170,113700,PPH,0.014961725817675742
29110,29700,28220,28870,140500,PPH,-0.010284538909838825
28570,28970,27910,28360,68300,PPH,-0.01766539660547284
28360,28360,26950,27090,42600,PPH,-0.04478138222849082
25450,27600,25370,26790,103700,PPH,-0.011074197120708784
28220,28220,26570,27600,42000,PPH,0.03023516237402024
27090,27840,25750,25750,68400,PPH,-0.06702898550724634
25140,26190,24920,25140,77600,PPH,-0.023689320388349477
25370,26850,25370,26040,49200,PPH,0.03579952267303099
25890,27160,25370,27160,37700,PPH,0.043010752688172005
26640,27540,26640,26850,37500,PPH,-0.011413843888070652
26120,27250,26120,26950,34000,PPH,0.003724394785847407
26640,27470,25370,26040,54600,PPH,-0.03376623376623378
26420,26420,25370,26420,31300,PPH,0.014592933947772613
25750,26120,25370,25750,227800,PPH,-0.025359576078728185
25820,26570,25580,26500,44200,PPH,0.029126213592232997
26500,27250,26500,26790,159800,PPH,0.010943396226415159
27250,27600,26720,27390,86200,PPH,0.022396416573348343
27470,27470,26720,27090,31800,PPH,-0.010952902519167584
26850,27980,26850,27470,73000,PPH,0.014027316352897667
27760,27760,26850,27600,87900,PPH,0.004732435384055433
27600,28740,27600,28120,143500,PPH,0.018840579710144967
28370,28750,28220,28220,30400,PPH,0.0035561877667140696
28370,28370,27500,27740,41800,PPH,-0.01700921332388372
27740,28370,26400,27740,132100,PPH,0.0
28370,29000,27900,28530,281600,PPH,0.02847873107426091
28530,29170,28370,28370,44900,PPH,-0.005608131791097093
27980,29240,27980,28370,428000,PPH,0.0
27980,27980,26000,26640,112700,PPH,-0.060979908353894996
26790,27270,26310,26790,40500,PPH,0.005630630630630629
26960,26960,26000,26000,63200,PPH,-0.029488615154908526
25850,26860,25850,26400,63000,PPH,0.01538461538461533
25690,26000,25220,25600,99400,PPH,-0.030303030303030276
25690,25690,24040,24110,138000,PPH,-0.05820312500000002
24510,24590,23640,23640,78100,PPH,-0.01949398589796769
24660,24660,23010,23170,36800,PPH,-0.019881556683587154
23330,24340,22700,24340,30300,PPH,0.05049633146309884
23170,24590,23170,23720,16400,PPH,-0.025472473294987696
23640,24040,23640,23800,23500,PPH,0.003372681281618828
23640,24190,23640,23870,23400,PPH,0.002941176470588225
23960,23960,23570,23640,32500,PPH,-0.009635525764558062
23640,23800,23170,23170,63000,PPH,-0.019881556683587154
23800,24820,23170,23640,45500,PPH,0.020284851100561108
23640,23640,23400,23480,16800,PPH,-0.006768189509306244
23640,23640,22130,22770,52700,PPH,-0.030238500851788808
22080,22700,22080,22300,32100,PPH,-0.020641194554238074
22080,22380,22080,22220,38100,PPH,-0.0035874439461883734
22130,22380,22130,22130,13500,PPH,-0.004050405040504024
22770,22770,22130,22130,11400,PPH,0.0
22850,22850,22130,22380,10700,PPH,0.011296882060551239
22080,22220,19770,22080,27100,PPH,-0.013404825737265424
21440,21830,21440,21830,9000,PPH,-0.011322463768115965
21980,21980,21670,21670,8500,PPH,-0.007329363261566635
21830,21980,21670,21830,15400,PPH,0.00738347946469764
21830,21830,21350,21670,8000,PPH,-0.007329363261566635
21830,22220,21830,21980,26900,PPH,0.01430549146285176
22130,22850,22130,22540,56500,PPH,0.02547770700636942
22850,22850,22600,22700,12200,PPH,0.00709849157054121
22380,22460,22130,22300,16400,PPH,-0.017621145374449365
22540,22540,22300,22380,54100,PPH,0.0035874439461882623
22380,23330,22380,23170,26300,PPH,0.03529937444146558
23330,24590,23250,24510,137800,PPH,0.05783340526542946
25050,25050,24270,24430,36800,PPH,-0.003263973888208871
24660,24740,24430,24590,38900,PPH,0.006549324600900519
24430,24660,24110,24430,38100,PPH,-0.006506710044733577
24590,25220,24590,24980,73100,PPH,0.022513303315595534
24900,24980,24510,24900,25400,PPH,-0.0032025620496397567
24820,24900,24340,24590,29200,PPH,-0.012449799196787126
24590,24590,24340,24430,111200,PPH,-0.006506710044733577
24430,24430,24190,24430,46200,PPH,0.0
24340,24340,24190,24190,12700,PPH,-0.009823986901350779
24270,24270,23960,24040,57700,PPH,-0.0062009094667218045
23870,24190,23870,23960,14600,PPH,-0.0033277870216306127
23960,24820,23960,24040,21200,PPH,0.0033388981636059967
23870,24040,23800,24040,12300,PPH,0.0
23960,23960,23800,23960,18600,PPH,-0.0033277870216306127
23640,23960,23480,23960,20700,PPH,0.0
23640,23720,23330,23570,29500,PPH,-0.016277128547579345
23570,23570,23250,23480,6600,PPH,-0.0038184132371659185
23170,23400,23170,23400,18200,PPH,-0.0034071550255536653
23330,23400,23250,23330,23200,PPH,-0.002991452991452981
23400,23400,23330,23330,29900,PPH,0.0
23250,24430,23250,24040,155600,PPH,0.030432918988426927
23870,23870,23250,23720,81800,PPH,-0.01331114808652245
23400,23640,23250,23250,17800,PPH,-0.019814502529511002
23400,23400,23250,23400,3100,PPH,0.006451612903225712
23250,23480,23080,23250,30000,PPH,-0.0064102564102563875
23250,23640,23170,23400,34100,PPH,0.006451612903225712
23400,24430,23330,23640,64500,PPH,0.01025641025641022
23640,23640,23570,23570,8200,PPH,-0.0029610829103214886
23640,23640,23480,23640,16100,PPH,0.002969876962240159
23640,24190,23640,23870,52100,PPH,0.009729272419627844
23960,24190,23960,24110,16800,PPH,0.010054461667364789
23870,23960,23640,23720,19000,PPH,-0.016175860638739104
23640,23870,23640,23870,4800,PPH,0.006323777403035358
23870,24110,23570,23570,18500,PPH,-0.012568077084206153
23720,23720,22700,22700,34200,PPH,-0.03691132795927021
23010,23400,22850,23400,4500,PPH,0.03083700440528636
22850,23170,22770,22850,22100,PPH,-0.023504273504273532
22850,23010,22700,23010,10900,PPH,0.0070021881838073785
22850,23010,22700,22700,27300,PPH,-0.013472403302911773
22540,22600,22130,22380,17000,PPH,-0.014096916299559448
22300,22300,22080,22080,12500,PPH,-0.013404825737265424
22130,22130,21670,21670,22700,PPH,-0.0185688405797102
22380,22380,21350,21600,22300,PPH,-0.0032302722658053007
21750,21750,21120,21440,29200,PPH,-0.007407407407407418
21440,21440,20870,20960,13700,PPH,-0.02238805970149249
21040,21040,20640,20720,10800,PPH,-0.011450381679389277
21200,21270,21120,21270,4100,PPH,0.02654440154440163
21510,21670,20180,20250,10400,PPH,-0.04795486600846266
20090,20490,19550,19700,73600,PPH,-0.02716049382716046
19700,20090,19550,20090,18100,PPH,0.019796954314720727
19700,19700,18910,18910,10400,PPH,-0.058735689397710344
18910,19620,18910,19460,4800,PPH,0.029085140137493415
19380,19460,19310,19460,10300,PPH,0.0
19700,19860,19620,19700,21500,PPH,0.012332990750256956
19700,19700,18910,19620,27000,PPH,-0.004060913705583702
22380,22380,19940,19940,1100,PPH,0.016309887869520923
19700,19770,19620,19770,5300,PPH,-0.00852557673019061
22080,22080,19700,19700,5700,PPH,-0.0035407182599899167
19770,19770,18990,19310,5800,PPH,-0.019796954314720838
19550,19550,17820,18510,11300,PPH,-0.04142931123770066
18130,18680,18130,18680,18100,PPH,0.009184224743381986
18440,18910,17960,17960,25300,PPH,-0.03854389721627405
18680,18750,18050,18750,29300,PPH,0.04398663697104688
18750,18910,18050,18130,54300,PPH,-0.03306666666666669
18050,18360,17410,18360,44300,PPH,0.012686155543298439
18130,18130,17960,18130,25900,PPH,-0.012527233115468439
17960,18200,17960,18130,5300,PPH,0.0
18130,18200,17960,17960,37100,PPH,-0.009376723662437914
18130,18130,17410,17650,29400,PPH,-0.017260579064588
17650,17650,16560,16620,27700,PPH,-0.05835694050991502
16940,16940,16560,16620,7800,PPH,0.0
16780,17250,16780,16780,11900,PPH,0.00962695547533099
18750,18750,15830,15990,54500,PPH,-0.04707985697258643
17180,17180,16230,16230,25500,PPH,0.015009380863039379
16560,16560,15610,15760,34700,PPH,-0.028958718422674057
15760,15760,14190,14570,67400,PPH,-0.07550761421319796
13870,15610,13870,15510,101200,PPH,0.06451612903225801
15680,16079,15440,15680,44000,PPH,0.010960670535138606
15830,16149,15610,15830,33000,PPH,0.00956632653061229
16170,17030,16170,16680,16500,PPH,0.053695514845230496
16170,16770,16170,16600,10600,PPH,-0.004796163069544335
16170,16170,16170,16170,1400,PPH,-0.025903614457831292
16170,16520,15580,16170,1400,PPH,0.0
16680,16680,16100,16260,5000,PPH,0.005565862708719838
16680,16860,16680,16770,22000,PPH,0.03136531365313644
16940,17280,16600,17030,34800,PPH,0.015503875968992276
16940,17450,16940,17450,36900,PPH,0.024662360540223194
17450,17530,17200,17380,58100,PPH,-0.0040114613180515235
17030,17450,17030,17280,37200,PPH,-0.005753739930955071
17450,17530,17280,17280,24800,PPH,0.0
17200,17530,17110,17110,35500,PPH,-0.00983796296296291
17110,17110,16770,16770,35900,PPH,-0.019871420222092318
17030,17030,16940,17030,17400,PPH,0.015503875968992276
16940,16940,16860,16940,24800,PPH,-0.005284791544333478
17700,17700,17030,17280,32600,PPH,0.02007083825265643
17280,17280,16940,17200,24200,PPH,-0.00462962962962965
17110,17280,17110,17200,40400,PPH,0.0
17380,17380,17200,17200,3000,PPH,0.0
17200,17280,17200,17280,32800,PPH,0.0046511627906977715
16860,17200,16860,17110,13200,PPH,-0.00983796296296291
16600,17030,16600,16770,37500,PPH,-0.019871420222092318
16770,16770,16600,16600,13800,PPH,-0.010137149672033385
16600,16600,16600,16600,2200,PPH,0.0
16600,17030,16600,17030,2100,PPH,0.025903614457831292
16680,17200,16680,16860,64100,PPH,-0.00998238402818552
17030,17110,17030,17110,10100,PPH,0.014827995255041415
17110,17110,16770,17030,41100,PPH,-0.004675628287551192
17030,17030,16860,17030,38700,PPH,0.0
17030,17030,16940,17030,29300,PPH,0.0
17030,17030,16860,17030,21800,PPH,0.0
17030,17110,17030,17110,10200,PPH,0.004697592483851931
17110,17110,17030,17110,84700,PPH,0.0
17110,17630,17110,17630,150300,PPH,0.030391583869082472
17700,18720,17700,18050,121300,PPH,0.02382302892796373
18220,18220,16940,17030,57600,PPH,-0.0565096952908587
17030,17530,16940,17200,36000,PPH,0.009982384028185631
17110,17380,17030,17200,12100,PPH,0.0
17280,17380,17110,17280,48400,PPH,0.0046511627906977715
17280,17450,17280,17450,60100,PPH,0.00983796296296302
17450,17700,17380,17450,58700,PPH,0.0
17630,17700,17450,17630,93300,PPH,0.010315186246418362
17800,18140,17700,17880,104000,PPH,0.01418037436188313
17880,17880,17700,17880,94400,PPH,0.0
17880,18050,17530,17800,55000,PPH,-0.004474272930648726
17380,17960,17380,17880,58700,PPH,0.004494382022471877
18390,20520,18390,20520,276900,PPH,0.1476510067114094
22120,22120,20090,20090,99200,PPH,-0.020955165692007838
21030,21030,19660,19840,75200,PPH,-0.012444001991040343
20420,20520,19580,19750,106600,PPH,-0.004536290322580627
19840,19920,19750,19920,65400,PPH,0.008607594936708818
19920,20000,19500,19500,34700,PPH,-0.02108433734939763
19660,19750,19580,19660,38900,PPH,0.00820512820512831
19580,20360,19580,20260,157100,PPH,0.030518819938962327
20180,20260,19750,20090,23000,PPH,-0.008390918065153019
19750,19750,19240,19500,68300,PPH,-0.029367844698855117
19500,19580,19410,19500,43800,PPH,0.0
19500,19840,19500,19580,34800,PPH,0.004102564102564044
19750,20180,19750,20180,48300,PPH,0.0306435137895813
20090,20180,20000,20090,45400,PPH,-0.004459861248761188
20000,20520,20000,20520,143400,PPH,0.021403683424589426
20610,20680,20180,20180,34100,PPH,-0.016569200779727122
20180,20420,19920,20180,64300,PPH,0.0
20090,20180,19840,20180,37400,PPH,0.0
19920,20000,19840,19920,18800,PPH,-0.012884043607532258
19580,19580,19330,19330,68700,PPH,-0.029618473895582365
18810,19580,18810,19140,24000,PPH,-0.009829280910501836
18810,19500,18810,19500,43600,PPH,0.018808777429467183
19410,19580,19330,19580,11200,PPH,0.004102564102564044
19580,19580,19410,19410,27400,PPH,-0.00868232890704801
19240,19920,19240,19580,18900,PPH,0.008758371973209611
19920,19920,19500,19580,4900,PPH,0.0
19330,19580,19330,19580,6800,PPH,0.0
19580,19580,19330,19500,22600,PPH,-0.0040858018386108474
19410,19580,19330,19410,23300,PPH,-0.004615384615384577
19330,19410,19330,19410,11900,PPH,0.0
19330,19410,19140,19240,30800,PPH,-0.008758371973209722
19580,19920,19330,19840,60500,PPH,0.031185031185031242
19580,19580,19500,19580,27300,PPH,-0.01310483870967738
19580,19660,19500,19580,10200,PPH,0.0
19580,19580,19410,19410,4800,PPH,-0.00868232890704801
19500,19500,19240,19240,18800,PPH,-0.008758371973209722
19330,19330,19330,19330,200,PPH,0.004677754677754775
19330,19330,19240,19240,800,PPH,-0.004655975168132431
19240,19240,19240,19240,100,PPH,0.0
19840,19840,19580,19580,3000,PPH,0.017671517671517645
19660,19660,19660,19660,200,PPH,0.004085801838610736
19410,19410,19410,19410,200,PPH,-0.012716174974567673
19330,19330,18900,18980,257300,PPH,-0.022153529108706826
19500,19500,19500,19500,100,PPH,0.027397260273972712
19500,19500,19500,19500,300,PPH,0.0
19240,19330,19140,19140,2900,PPH,-0.018461538461538418
19140,19140,19140,19140,9700,PPH,0.0
19410,19410,19240,19240,400,PPH,0.0052246603970742544
19240,19240,19080,19140,7900,PPH,-0.00519750519750517
19240,19240,19240,19240,400,PPH,0.0052246603970742544
19240,19330,19240,19240,9100,PPH,0.0
19330,19330,19080,19140,5400,PPH,-0.00519750519750517
19140,19410,19140,19410,6900,PPH,0.014106583072100332
19410,19410,19330,19330,5600,PPH,-0.004121586810922229
19410,19410,19410,19410,3800,PPH,0.0041386445938955685
19240,19330,19140,19140,31600,PPH,-0.01391035548686248
19330,19410,19330,19410,600,PPH,0.014106583072100332
19240,19240,19140,19140,1200,PPH,-0.01391035548686248
19240,19240,19140,19240,12500,PPH,0.0052246603970742544
19660,19660,19660,19660,900,PPH,0.021829521829521914
19580,19660,19580,19580,16800,PPH,-0.004069175991861629
19660,19750,19660,19660,4100,PPH,0.004085801838610736
19660,19920,19660,19750,24400,PPH,0.004577822990844416
20000,20000,19840,20000,2600,PPH,0.012658227848101333
21110,21460,20680,20940,192900,PPH,0.04699999999999993
21030,21370,20850,20850,30100,PPH,-0.004297994269340966
20410,21110,20410,20940,32400,PPH,0.004316546762589857
21290,21290,20940,20940,34100,PPH,0.0
21030,21110,21030,21030,14700,PPH,0.004297994269341077
21110,21200,21110,21110,6800,PPH,0.003804089396100885
21110,21290,20510,21200,22500,PPH,0.00426338228327805
21200,21550,21200,21290,3900,PPH,0.004245283018867951
21110,21290,20850,21030,62100,PPH,-0.012212306247064375
20850,21110,20850,21110,33300,PPH,0.003804089396100885
20940,21200,20940,21110,130200,PPH,0.0
21110,21290,21110,21110,86000,PPH,0.0
21200,21370,21110,21200,104400,PPH,0.00426338228327805
21720,21720,21290,21290,22900,PPH,0.004245283018867951
21630,21630,21370,21370,1500,PPH,0.003757632691404389
21110,21290,21030,21110,37500,PPH,-0.01216658867571363
21720,21720,21030,21200,51600,PPH,0.00426338228327805
21030,21110,21030,21110,8400,PPH,-0.004245283018867951
21200,21460,21200,21370,34100,PPH,0.012316437707247774
21630,21630,21290,21370,21700,PPH,0.0
21370,21460,21290,21460,60200,PPH,0.004211511464670137
22190,22190,21460,21560,14000,PPH,0.004659832246039164
21740,22010,21560,21560,18800,PPH,0.0
21740,21920,21560,21920,18300,PPH,0.016697588126159513
21830,21830,21740,21830,10200,PPH,-0.0041058394160583545
21740,22010,21740,22010,16200,PPH,0.008245533669262395
21920,22010,21920,22010,11000,PPH,0.0
22010,22090,21830,21920,9400,PPH,-0.004089050431621999
21920,22090,21830,22010,52000,PPH,0.0041058394160584655
22190,22370,22010,22090,30100,PPH,0.0036347114947750114
22190,22370,22010,22010,22100,PPH,-0.003621548211860559
21920,22090,21920,22010,7300,PPH,0.0
22010,22010,21740,21920,24000,PPH,-0.004089050431621999
21740,21830,21740,21830,9400,PPH,-0.0041058394160583545
21830,21830,21830,21830,8600,PPH,0.0
21740,22280,21740,22010,20900,PPH,0.008245533669262395
22190,22190,22010,22090,32300,PPH,0.0036347114947750114
22090,22560,22090,22560,45100,PPH,0.02127659574468077
22280,22370,21740,21740,16500,PPH,-0.03634751773049649
22190,22190,22090,22090,2000,PPH,0.01609935602575896
22010,22370,21920,22190,8900,PPH,0.004526935264825616
21920,22190,21920,22010,27800,PPH,-0.008111762054979765
21830,22190,21830,22190,3200,PPH,0.008178100863243998
22010,22370,22010,22090,7800,PPH,-0.0045065344749887215
22280,22640,22280,22460,25600,PPH,0.016749660479855155
22460,23550,22460,23550,31200,PPH,0.04853072128227964
22830,23190,22830,23090,20200,PPH,-0.019532908704883223
23010,23190,22730,23190,16800,PPH,0.004330879168471302
23010,23280,23010,23280,17400,PPH,0.0038809831824062613
23190,23360,22910,23090,9600,PPH,-0.00816151202749138
23090,23360,23090,23090,18500,PPH,0.0
23090,23460,23090,23280,70900,PPH,0.008228670420095341
23360,23360,23090,23090,23800,PPH,-0.00816151202749138
23280,23360,23190,23280,34300,PPH,0.008228670420095341
23280,23360,23280,23360,27400,PPH,0.0034364261168384758
25080,25080,23730,23820,53100,PPH,0.019691780821917915
23910,23910,23550,23550,19300,PPH,-0.01133501259445846
23820,24360,23820,24090,55400,PPH,0.02292993630573248
24000,24450,24000,24280,53800,PPH,0.007887090078871006
24450,24550,23820,23910,58400,PPH,-0.015238879736408584
24090,24360,23640,23820,47200,PPH,-0.0037641154328732496
24180,24180,23460,23820,75500,PPH,0.0
24000,24090,23090,23640,94000,PPH,-0.007556675062972307
23640,23730,23090,23550,85400,PPH,-0.0038071065989847552
23550,23550,23090,23090,48400,PPH,-0.019532908704883223
23280,23460,23190,23280,46500,PPH,0.008228670420095341
23190,23280,23010,23090,30600,PPH,-0.00816151202749138
23090,23640,23090,23640,36200,PPH,0.023819835426591496
23640,23730,23460,23550,25200,PPH,-0.0038071065989847552
23360,23640,23360,23640,38400,PPH,0.003821656050955413
23640,23820,23640,23820,48300,PPH,0.0076142131979695105
23820,24000,23730,23910,87900,PPH,0.0037783375314861534
23910,24000,23550,23820,41800,PPH,-0.0037641154328732496
23820,23910,23640,23820,23900,PPH,0.0
23730,23820,23550,23730,31500,PPH,-0.0037783375314861534
23730,23910,23550,23910,18200,PPH,0.007585335018963413
23730,23820,23730,23820,6400,PPH,-0.0037641154328732496
26270,26270,23090,23460,63600,PPH,-0.015113350125944613
23190,23550,23190,23360,16400,PPH,-0.004262574595055413
23280,23550,22910,23090,29400,PPH,-0.011558219178082196
23360,23360,23090,23090,13100,PPH,0.0
23550,23550,23190,23360,7100,PPH,0.011693373754872338
23280,23280,23090,23090,30700,PPH,-0.011558219178082196
23550,23550,23360,23360,3400,PPH,0.011693373754872338
23090,23460,23090,23190,14800,PPH,-0.007277397260273988
23190,23640,23190,23640,20900,PPH,0.019404915912031084
23730,24450,23550,24360,97100,PPH,0.030456852791878264
25900,25900,24090,24280,29500,PPH,-0.003284072249589487
27440,27990,24630,24910,119000,PPH,0.025947281713344372
25000,25000,24180,24360,34800,PPH,-0.022079486150140548
24450,24730,24360,24360,72400,PPH,0.0
24810,24810,24000,24180,67500,PPH,-0.007389162561576401
24180,24360,24180,24360,15200,PPH,0.007444168734491274
24360,24630,24180,24450,111000,PPH,0.003694581280788256
24450,24910,24450,24630,39000,PPH,0.007361963190184007
24630,24910,24630,24910,48000,PPH,0.01136825010150222
25000,25810,24730,24910,33800,PPH,0.0
25000,25000,24550,24630,12000,PPH,-0.011240465676435218
25180,25450,25080,25270,47300,PPH,0.02598457166057644
25080,25180,24810,24910,26100,PPH,-0.014246141669964407
24910,24910,24280,24630,21100,PPH,-0.011240465676435218
24730,24730,23550,23730,93500,PPH,-0.03654080389768577
24000,24090,23550,23730,22400,PPH,0.0
23460,23820,23010,23730,56100,PPH,0.0
23360,23640,23190,23550,17300,PPH,-0.007585335018963302
23820,23820,23460,23460,7500,PPH,-0.003821656050955413
23460,24090,23460,23820,7500,PPH,0.01534526854219953
23550,23640,23460,23460,15700,PPH,-0.015113350125944613
23460,23820,23460,23550,13300,PPH,0.0038363171355497716
23550,23640,23550,23640,31300,PPH,0.003821656050955413
23820,23820,23550,23820,9800,PPH,0.0076142131979695105
23820,24280,23730,24000,15700,PPH,0.007556675062972307
24000,24280,23910,24280,13300,PPH,0.011666666666666714
24280,24280,24000,24090,7000,PPH,-0.00782537067545308
24450,24450,24090,24180,17600,PPH,0.0037359900373599153
24090,24180,24000,24180,10700,PPH,0.0
24000,24180,24000,24180,28500,PPH,0.0
24180,24360,24000,24000,8900,PPH,-0.007444168734491274
24180,24180,23090,23730,26000,PPH,-0.011249999999999982
23550,23730,23360,23360,35600,PPH,-0.015592077538980176
23460,23460,22640,23460,28400,PPH,0.0042808219178083196
23190,23280,23010,23010,3800,PPH,-0.019181585677749413
23010,23550,23010,23090,28500,PPH,0.0034767492394611743
23090,23190,23090,23090,14100,PPH,0.0
22910,23190,22190,22190,54200,PPH,-0.03897791251624083
22190,22460,22190,22460,19700,PPH,0.012167643082469537
22190,22460,22010,22010,50100,PPH,-0.020035618878005312
22010,22190,21290,21290,49900,PPH,-0.03271240345297588
21740,21740,21560,21740,10900,PPH,0.0211366838891498
21920,22560,21920,22460,17400,PPH,0.03311867525298995
22370,22460,22190,22370,24800,PPH,-0.004007123775601085
22370,22640,22370,22640,7800,PPH,0.0120697362539115
22560,22730,22560,22560,19200,PPH,-0.0035335689045936647
22560,23090,22560,23090,6400,PPH,0.02349290780141855
22730,23010,22640,22830,32500,PPH,-0.011260285838025075
22910,22910,22730,22830,4900,PPH,0.0
22910,22910,22730,22910,12700,PPH,0.003504161191414834
22910,23090,22910,23090,14400,PPH,0.007856831078131732
23010,23190,23010,23090,27600,PPH,0.0
23280,24630,23280,24180,141000,PPH,0.04720658293633617
24360,24360,23730,24000,22400,PPH,-0.007444168734491274
23910,24090,23550,24090,58700,PPH,0.00374999999999992
24180,24180,23910,24000,31200,PPH,-0.0037359900373599153
24180,24180,23820,23910,72500,PPH,-0.003750000000000031
24090,24090,23640,23640,75100,PPH,-0.01129234629861986
23730,23730,23460,23640,37300,PPH,0.0
23730,24000,23730,23820,22900,PPH,0.0076142131979695105
23730,23730,23460,23550,74200,PPH,-0.01133501259445846
23550,23820,23550,23820,107600,PPH,0.01146496815286624
24220,24220,23740,23830,15300,PPH,0.0004198152812762146
23930,23930,23450,23450,9200,PPH,-0.015946286193873282
23740,23740,23260,23550,74400,PPH,0.004264392324093924
23740,24310,23550,23830,43100,PPH,0.011889596602972397
23830,24120,23830,24120,91300,PPH,0.012169534200587417
24030,24030,23740,23930,19400,PPH,-0.007877280265339959
23740,24030,23740,23830,25300,PPH,-0.004178854993731718
24030,24120,23930,23930,43500,PPH,0.004196391103650887
24510,24510,24030,24120,21200,PPH,0.007939824488090164
24310,24410,23830,23830,37800,PPH,-0.012023217247097873
24030,24220,24030,24120,42100,PPH,0.012169534200587417
24220,24220,23930,24030,22600,PPH,-0.003731343283582045
24220,24220,23640,24030,91100,PPH,0.0
24220,24220,24030,24120,21600,PPH,0.0037453183520599342
24220,24510,24120,24410,40200,PPH,0.012023217247097762
24310,24510,24310,24510,25100,PPH,0.004096681687832948
24600,24800,24410,24600,15500,PPH,0.003671970624234966
24600,24890,24510,24700,14500,PPH,0.004065040650406582
24700,24890,24600,24700,12200,PPH,0.0
24600,24700,24600,24700,28500,PPH,0.0
25100,25100,24700,24800,16800,PPH,0.004048582995951344
24800,24800,24600,24700,17800,PPH,-0.0040322580645161255
24700,24800,24700,24700,26800,PPH,0.0
24600,25200,24600,25000,22100,PPH,0.012145748987854255
24800,25100,24800,25100,27800,PPH,0.0040000000000000036
25000,25300,24900,25300,62200,PPH,0.007968127490039834
25100,25400,25100,25300,75600,PPH,0.0
25300,25500,25200,25400,26400,PPH,0.0039525691699604515
25400,25500,25300,25400,11200,PPH,0.0
25400,25500,25300,25300,21800,PPH,-0.003937007874015741
25400,25400,25000,25300,19900,PPH,0.0
25000,25200,25000,25200,7300,PPH,-0.0039525691699604515
25200,25300,25100,25200,9900,PPH,0.0
25300,25400,25300,25300,14500,PPH,0.003968253968253954
25400,25400,25400,25400,16500,PPH,0.0039525691699604515
25400,25900,25300,25600,26600,PPH,0.007874015748031482
25600,26000,25500,26000,24800,PPH,0.015625
26200,26200,26000,26000,8700,PPH,0.0
26000,26000,25800,25900,38900,PPH,-0.0038461538461538325
26000,26000,25700,25700,2500,PPH,-0.007722007722007707
25900,25900,25800,25900,17600,PPH,0.0077821011673151474
26000,26300,25800,26200,42100,PPH,0.01158301158301156
26000,26300,26000,26300,14100,PPH,0.003816793893129722
26200,26200,25800,25800,108100,PPH,-0.019011406844106515
25800,26000,25700,25800,52200,PPH,0.0
25800,25900,25700,25800,22900,PPH,0.0
25800,26000,25700,25700,4600,PPH,-0.003875968992248069
25700,25800,25500,25600,40600,PPH,-0.0038910505836575737
25600,25600,25500,25600,9200,PPH,0.0
25000,25800,25000,25700,42500,PPH,0.00390625
26000,26000,25600,25800,42300,PPH,0.0038910505836575737
25800,26100,25800,26100,23200,PPH,0.011627906976744207
26100,26100,25900,26000,26200,PPH,-0.003831417624521105
25900,26000,25800,25900,37100,PPH,-0.0038461538461538325
25900,25900,25800,25900,22200,PPH,0.0
26000,26000,25700,25800,47100,PPH,-0.0038610038610038533
25900,26000,25800,26000,32900,PPH,0.007751937984496138
26000,26000,25900,26000,14400,PPH,0.0
26000,26000,25800,25900,47000,PPH,-0.0038461538461538325
25900,25900,25700,25700,43800,PPH,-0.007722007722007707
25800,25800,25700,25800,24400,PPH,0.0038910505836575737
25900,26000,25800,26000,52000,PPH,0.007751937984496138
26000,26000,25800,25900,31400,PPH,-0.0038461538461538325
25900,26000,25800,25900,14700,PPH,0.0
25900,26000,25700,25900,56500,PPH,0.0
25800,25900,25700,25900,11100,PPH,0.0
25700,25800,25500,25500,38000,PPH,-0.015444015444015413
25800,25800,25600,25800,22700,PPH,0.0117647058823529
25900,26600,25900,26200,87500,PPH,0.015503875968992276
26300,26600,26200,26300,21000,PPH,0.003816793893129722
26400,26600,25900,26300,76800,PPH,0.0
26200,26300,25700,25900,60400,PPH,-0.01520912547528519
25800,26100,25700,26100,58500,PPH,0.007722007722007707
26600,26700,26400,26600,115300,PPH,0.019157088122605304
26800,26900,26600,26800,85400,PPH,0.007518796992481258
26600,26800,26600,26600,41000,PPH,-0.007462686567164201
26700,26800,26400,26600,61600,PPH,0.0
26700,26800,26600,26700,44500,PPH,0.003759398496240518
26800,26800,26500,26800,54600,PPH,0.0037453183520599342
26700,26900,26600,26800,19500,PPH,0.0
26800,27100,26800,26800,22100,PPH,0.0
26800,27100,26800,26900,24300,PPH,0.003731343283582156
26900,27000,26900,27000,15300,PPH,0.0037174721189590088
27100,27300,27000,27000,22700,PPH,0.0
27100,27100,26800,27000,40800,PPH,0.0
27000,27500,26900,27500,36800,PPH,0.0185185185185186
27500,27600,27200,27200,14700,PPH,-0.010909090909090868
27200,27300,26900,27000,13600,PPH,-0.007352941176470562
27000,27000,26900,26900,15700,PPH,-0.0037037037037036535
26800,26900,25900,26700,25400,PPH,-0.0074349442379182396
26700,27100,26600,26900,39000,PPH,0.0074906367041198685
27000,27000,26400,26500,43600,PPH,-0.014869888475836479
26400,26600,26000,26600,36400,PPH,0.0037735849056603765
26600,26600,26500,26500,8900,PPH,-0.003759398496240629
26600,26600,26000,26000,49200,PPH,-0.018867924528301883
26000,26200,25900,26200,21700,PPH,0.007692307692307665
26000,26600,25900,26100,56100,PPH,-0.003816793893129722
26500,26900,26100,26900,29900,PPH,0.03065134099616862
26900,26900,26300,26400,22300,PPH,-0.018587360594795488
27200,28000,26500,26700,43500,PPH,0.011363636363636465
26700,27000,26300,26500,33600,PPH,-0.0074906367041198685
26700,26700,26300,26500,100600,PPH,0.0
26500,26900,26500,26900,21800,PPH,0.015094339622641506
26800,27100,26700,26900,63300,PPH,0.0
26900,27800,26900,27600,161200,PPH,0.026022304832713727
27400,27700,27400,27600,48700,PPH,0.0
27600,27700,27200,27400,31300,PPH,-0.007246376811594235
27500,27600,27200,27300,34200,PPH,-0.0036496350364964014
27400,27400,27000,27000,26200,PPH,-0.01098901098901095
27200,28100,27000,27500,83900,PPH,0.0185185185185186
27600,28000,27600,28000,48800,PPH,0.018181818181818077
28000,28000,27800,27800,19200,PPH,-0.0071428571428571175
27900,27900,27500,27500,24200,PPH,-0.010791366906474864
27900,28000,27500,27900,136800,PPH,0.014545454545454639
