Open,High,Low,Close,Volume,Ticker,Change,upper_band,lower_band
16580,16580,16580,16580,0,A32,0.0,0.0,0.0
16580,16580,16580,16580,0,A32,0.0,0.0,0.0
16580,16580,16580,16580,0,A32,0.0,0.0,0.0
16580,16580,16580,16580,0,A32,0.0,0.0,0.0
16580,16580,16580,16580,0,A32,0.0,0.0,0.0
16580,16580,16580,16580,0,A32,0.0,0.0,0.0
16580,16580,16580,16580,0,A32,0.0,0.0,0.0
16580,16580,16580,16580,0,A32,0.0,0.0,0.0
16580,16580,16580,16580,0,A32,0.0,0.0,0.0
16580,16580,16580,16580,0,A32,0.0,0.0,0.0
16580,16580,16580,16580,0,A32,0.0,0.0,0.0
16580,16580,16580,16580,0,A32,0.0,0.0,0.0
16580,16580,16580,16580,0,A32,0.0,0.0,0.0
16580,16580,16580,16580,0,A32,0.0,0.0,0.0
16580,16580,16580,16580,0,A32,0.0,0.0,0.0
16580,16580,16580,16580,0,A32,0.0,0.0,0.0
16580,16580,16580,16580,0,A32,0.0,0.0,0.0
16580,16580,16580,16580,0,A32,0.0,0.0,0.0
16580,16580,16580,16580,0,A32,0.0,0.0,0.0
16580,16580,16580,16580,0,A32,0.0,0.0,0.0
16580,16580,16580,16580,0,A32,0.0,16580.0,16580.0
16580,16580,16580,16580,0,A32,0.0,16580.0,16580.0
16580,16580,16580,16580,0,A32,0.0,16580.0,16580.0
16580,16580,16580,16580,0,A32,0.0,16580.0,16580.0
16580,16580,16580,16580,0,A32,0.0,16580.0,16580.0
16580,16580,16580,16580,0,A32,0.0,16580.0,16580.0
16580,16580,16580,16580,0,A32,0.0,16580.0,16580.0
20480,20480,20480,20480,1000,A32,0.23522316043425806,18474.970587980864,15075.029412019137
20480,20480,20480,20480,0,A32,0.0,19310.0,14630.0
20480,20480,20480,20480,100,A32,0.0,19950.157087131713,14379.842912868287
17930,17930,17930,17930,2000,A32,-0.12451171875,20023.10477316298,14441.895226837021
17930,17930,17930,17930,0,A32,0.0,20089.516087066,14510.483912934002
17930,17930,17930,17930,0,A32,0.0,20149.38335485153,14585.616645148471
17930,17930,17930,17930,0,A32,0.0,20202.652434826312,14667.34756517369
17930,17930,17930,17930,0,A32,0.0,20249.22077212082,14755.779227879179
17930,17930,17930,17930,0,A32,0.0,20288.933614489328,14851.066385510672
17930,17930,17930,17930,0,A32,0.0,20321.578054006626,14953.421945993374
17930,17930,17930,17930,0,A32,0.0,20346.87433463441,15063.125665365591
17930,17930,17930,17930,0,A32,0.0,20364.463541410256,15180.536458589744
17930,17930,17930,17930,0,A32,0.0,20373.890289653442,15306.109710346558
17930,17930,17930,17930,0,A32,0.0,20374.578231430856,15440.421768569144
17930,17930,17930,17930,0,A32,0.0,20365.794846907615,15584.205153092385
17930,17930,17930,17930,0,A32,0.0,20346.599607221877,15738.400392778125
19340,19340,19340,19340,100,A32,0.07863915225878415,20448.01383678248,15912.986163217522
19340,19340,19340,19340,0,A32,0.0,20514.407784949086,16122.592215050914
19340,19340,19340,19340,0,A32,0.0,20542.177587739774,16370.822412260226
19340,19340,19340,19340,0,A32,0.0,20524.71734527488,16664.28265472512
19340,19340,19340,19340,0,A32,0.0,20301.834152024498,16773.165847975502
19340,19340,19340,19340,0,A32,0.0,20053.401459087632,16907.598540912368
20480,20480,20480,20480,100,A32,0.058945191313340306,20053.401459087632,16907.598540912368
20480,20480,20480,20480,0,A32,0.0,20382.25590037063,16833.74409962937
20480,20480,20480,20480,0,A32,0.0,20656.93149760797,16814.06850239203
20480,20480,20480,20480,100,A32,0.0,20889.26849158743,16836.73150841257
20480,20480,20480,20480,0,A32,0.0,21085.63221539835,16895.36778460165
20480,20480,20480,20480,0,A32,0.0,21249.512139303926,16986.487860696074
20480,20480,20480,20480,0,A32,0.0,21382.567851051997,17108.432148948003
20480,20480,20480,20480,0,A32,0.0,21485.042613206468,17260.957386793532
20480,20480,20480,20480,0,A32,0.0,21555.819683163667,17445.180316836333
20480,20480,20480,20480,0,A32,0.0,21592.154780051715,17663.845219948285
20480,20480,20480,20480,0,A32,0.0,21588.917301107416,17922.082698892584
20480,20480,20480,20480,0,A32,0.0,21536.748469387046,18229.251530612954
20480,20480,20480,20480,0,A32,0.0,21417.02017404657,18603.97982595343
20480,20480,20480,20480,0,A32,0.0,21182.827258449932,19093.172741550068
20480,20480,20480,20480,0,A32,0.0,21182.26896031426,19207.73103968574
20480,20480,20480,20480,0,A32,0.0,21164.0,19340.0
20480,20480,20480,20480,0,A32,0.0,21123.122840853885,19494.877159146115
20480,20480,20480,20480,0,A32,0.0,21050.0,19682.0
20480,20480,20480,20480,0,A32,0.0,20919.91447956364,19926.08552043636
20480,20480,20480,20480,0,A32,0.0,20480.0,20480.0
20480,20480,20480,20480,0,A32,0.0,20480.0,20480.0
20480,20480,20480,20480,0,A32,0.0,20480.0,20480.0
20480,20480,20480,20480,0,A32,0.0,20480.0,20480.0
20480,20480,20480,20480,0,A32,0.0,20480.0,20480.0
20480,20480,20480,20480,0,A32,0.0,20480.0,20480.0
18140,18140,18140,18140,100,A32,-0.1142578125,21382.982352788516,19343.017647211484
16790,16790,16790,16790,100,A32,-0.07442116868798232,22037.190668185536,18319.809331814464
16790,16790,16790,16790,0,A32,0.0,22359.750620838975,17628.249379161025
16790,16790,16790,16790,0,A32,0.0,22541.989524225115,17077.010475774885
14780,14780,14780,14780,100,A32,-0.11971411554496725,23004.565947650994,16044.434052349006
14780,14780,14780,14780,0,A32,0.0,23252.655740810467,15226.344259189533
14780,14780,14780,14780,0,A32,0.0,23364.73570798659,14544.264292013408
14780,14780,14780,14780,0,A32,0.0,23375.362195177415,13963.637804822585
14780,14780,14780,14780,0,A32,0.0,23302.863447326763,13466.136552673237
14780,14780,14780,14780,0,A32,0.0,23157.726863239728,13041.273136760272
14780,14780,14780,14780,0,A32,0.0,22945.89542424865,12683.104575751348
14780,14780,14780,14780,0,A32,0.0,22670.217751442888,12388.782248557112
14780,14780,14780,14780,0,A32,0.0,22331.044898061948,12157.955101938054
14780,14780,14780,14780,0,A32,0.0,21926.299673834248,11992.70032616575
14780,14780,14780,14780,0,A32,0.0,21451.053045868957,11897.946954131043
14780,14780,14780,14780,0,A32,0.0,20896.385731855204,11882.614268144796
14780,14780,14780,14780,0,A32,0.0,20246.81565673115,11962.184343268851
16920,16920,16920,16920,100,A32,0.1447902571041948,19578.355829574877,12274.644170425123
16920,16920,16920,16920,300,A32,0.0,18791.500328623053,12705.499671376947
16920,16920,16920,16920,0,A32,0.0,17790.90063952432,13350.09936047568
16920,16920,16920,16920,100,A32,0.0,17499.238425019736,13519.761574980266
16920,16920,16920,16920,200,A32,0.0,17523.201036269165,13508.798963730835
16920,16920,16920,16920,100,A32,0.0,17546.929549280492,13498.07045071951
16920,16920,16920,16920,0,A32,0.0,17570.429891032265,13487.570108967733
16920,16920,16920,16920,0,A32,0.0,17732.763219822402,13539.236780177596
16920,16920,16920,16920,0,A32,0.0,17872.27311540817,13613.72688459183
16920,16920,16920,16920,200,A32,0.0,17990.000000000004,13709.999999999996
16920,16920,16920,16920,100,A32,0.0,18086.27311540817,13827.72688459183
16920,16920,16920,16920,100,A32,0.0,18160.763219822402,13967.236780177596
16920,16920,16920,16920,0,A32,0.0,18212.429891032265,14129.570108967733
17130,17130,17130,17130,100,A32,0.012411347517730542,18265.66236055616,14311.337639443838
17130,17130,17130,17130,0,A32,0.0,18287.609948953293,14524.390051046708
17130,17130,17130,17130,0,A32,0.0,18273.15453733016,14773.845462669842
17130,17130,17130,17130,0,A32,0.0,18213.15648076138,15068.843519238619
17130,17130,17130,17130,18,A32,0.0,18089.518782737498,15427.481217262502
17130,17130,17130,17130,0,A32,0.0,17856.355037728685,15895.644962271315
17130,17130,17130,17130,0,A32,0.0,17193.827232297583,16793.172767702417
17130,17130,17130,17130,0,A32,0.0,17209.757138393812,16798.242861606188
17130,17130,17130,17130,0,A32,0.0,17223.447361792416,16805.552638207584
17130,17130,17130,17130,100,A32,0.0,17235.000000000025,16814.999999999975
17130,17130,17130,17130,0,A32,0.0,17244.447361792416,16826.552638207584
17130,17130,17130,17130,0,A32,0.0,17251.757138393812,16840.242861606188
17130,17130,17130,17130,45,A32,0.0,17256.827232297583,16856.172767702417
17130,17130,17130,17130,0,A32,0.0,17259.46817918817,16874.53182081183
17130,17130,17130,17130,0,A32,0.0,17259.36533479476,16895.63466520524
17130,17130,17130,17130,0,A32,0.0,17256.00000000003,16919.99999999997
17130,17130,17130,17130,0,A32,0.0,17248.469996999433,16948.530003000567
17130,17130,17130,17130,0,A32,0.0,17235.00000000004,16982.99999999996
17130,17130,17130,17130,0,A32,0.0,17211.036877814407,17027.963122185593
17130,17130,17130,17130,0,A32,0.0,17130.0,17130.0
17130,17130,17130,17130,3,A32,0.0,17130.0,17130.0
17130,17130,17130,17130,10,A32,0.0,17130.0,17130.0
17130,17130,17130,17130,0,A32,0.0,17130.0,17130.0
17130,17130,17130,17130,0,A32,0.0,17130.0,17130.0
17130,17130,17130,17130,0,A32,0.0,17130.0,17130.0
17130,17130,17130,17130,302,A32,0.0,17130.0,17130.0
17130,17130,17130,17130,500,A32,0.0,17130.0,17130.0
17130,17130,17130,17130,0,A32,0.0,17130.0,17130.0
17130,17130,17130,17130,200,A32,0.0,17130.0,17130.0
17130,17130,17130,17130,300,A32,0.0,17130.0,17130.0
17130,17130,17130,17130,300,A32,0.0,17130.0,17130.0
17130,17130,17130,17130,0,A32,0.0,17130.0,17130.0
17130,17130,17130,17130,400,A32,0.0,17130.0,17130.0
17130,17130,17130,17130,0,A32,0.0,17130.0,17130.0
17130,17130,17130,17130,0,A32,0.0,17130.0,17130.0
17130,17130,17130,17130,0,A32,0.0,17130.0,17130.0
17130,17130,17130,17130,0,A32,0.0,17130.0,17130.0
17130,17130,17130,17130,0,A32,0.0,17130.0,17130.0
17130,17130,17130,17130,0,A32,0.0,17130.0,17130.0
17800,17800,16790,16790,1100,A32,-0.019848219497956787,17261.202564080417,16964.797435919583
17740,17740,17740,17740,0,A32,0.05658129839189985,17454.644660889448,16832.355339110552
17740,17740,17740,17740,0,A32,0.0,17579.23573386365,16768.76426613635
17740,17740,17740,17740,0,A32,0.0,17677.97544814912,16731.02455185088
17740,17740,17740,17740,0,A32,0.0,17761.022813193507,16708.977186806493
17740,17740,17740,16790,10,A32,-0.05355129650507329,17777.41397908884,16658.58602091116
17740,17740,17740,17740,0,A32,0.05658129839189985,17850.306447290164,16646.693552709836
17740,17740,17740,16790,35,A32,-0.05355129650507329,17864.153933837457,16598.846066162543
17740,17740,17740,17260,20,A32,0.027992852888624187,17869.01822477644,16606.98177522356
17740,17740,17740,17740,0,A32,0.02780996523754342,17933.730035401295,16603.269964598705
17260,17260,17260,17260,135,A32,-0.027057497181510737,17937.223527217215,16612.776472782785
17260,17260,17260,17260,800,A32,0.0,17940.446887085756,16622.553112914244
17260,17260,17260,17260,0,A32,0.0,17943.396063460874,16632.603936539126
17260,17260,17260,17260,0,A32,0.0,17946.06657372828,16642.93342627172
17260,17260,17260,17260,0,A32,0.0,17948.453473231868,16653.546526768132
17260,17260,17260,17260,0,A32,0.0,17950.551319880466,16664.448680119534
15190,15190,15190,15190,1000,A32,-0.11993047508690613,18335.817288590206,16085.182711409796
15190,15190,15190,15190,20,A32,0.0,18543.147159266933,15683.852840733067
15190,15190,15190,15190,0,A32,0.0,18673.65750609289,15359.342493907108
15190,15190,15190,15190,0,A32,0.0,18756.121626791977,15082.878373208023
14500,15190,14500,15190,1200,A32,0.0,18825.06264066385,14853.937359336149
15870,15870,15870,15870,120,A32,0.04476629361421991,18729.253891966433,14762.746108033565
15870,15870,15870,15870,0,A32,0.0,18615.71038098315,14689.289619016849
15870,15870,15870,15870,0,A32,0.0,18483.87817796348,14634.121822036519
15520,15520,15520,15520,500,A32,-0.022054190296156295,18343.474610750567,14552.525389249435
15520,15520,15520,15520,1,A32,0.0,18314.665536942364,14454.334463057636
15870,16219,15870,16219,601,A32,0.045038659793814384,18136.12792293938,14480.772077060621
15950,15950,15950,15950,0,A32,-0.01658548615820954,18086.524116622728,14446.375883377272
16219,16360,16219,16360,2800,A32,0.025705329153604906,17984.654976739803,14458.245023260199
16290,16290,16290,16290,0,A32,-0.0042787286063569185,17769.939756290893,14527.960243709109
16290,16290,16290,16290,0,A32,0.0,17641.64803724246,14559.251962757542
16290,16290,16290,16290,0,A32,0.0,17502.521263330418,14601.378736669581
15870,15870,15190,15190,2600,A32,-0.06752608962553719,17333.3769258701,14563.5230741299
15520,16070,15390,16070,11100,A32,0.05793285055957864,17139.063510846117,14638.836489153884
15390,15390,15390,15390,0,A32,-0.042314872433105166,16891.647696585795,14699.252303414205
15390,15390,15390,15390,0,A32,0.0,16579.775147737295,14824.124852262707
15460,16219,15460,16219,333,A32,0.053866146848603025,16625.775011104743,14881.024988895255
15950,15950,15950,15950,0,A32,-0.01658548615820954,16627.766283395023,14955.033716604978
16219,16219,16219,16219,500,A32,0.016865203761755376,16651.028266225963,15034.671733774037
16219,16219,16219,16219,0,A32,0.0,16659.55736847155,15129.042631528448
16219,16219,16219,16219,0,A32,0.0,16650.667548370024,15240.832451629976
16219,16219,16219,16219,0,A32,0.0,16676.976043307706,15249.423956692295
16219,16219,16219,16219,0,A32,0.0,16701.48819959822,15259.811800401778
16219,16219,16219,16219,0,A32,0.0,16724.256429428264,15271.943570571737
15950,15950,15950,15950,100,A32,-0.01658548615820954,16712.565338238506,15326.634661761496
16560,16560,16560,16560,100,A32,0.03824451410658303,16762.88240249554,15380.317597504461
16560,16560,16560,16560,33,A32,0.0,16809.80886599279,15367.491134007212
16219,16219,16219,16219,200,A32,-0.02059178743961354,16822.44711077369,15381.752889226309
16560,16560,16560,16560,400,A32,0.021024724089031332,16851.783689153686,15372.416310846316
16760,16760,16760,16760,100,A32,0.012077294685990392,16924.617211472607,15346.582788527396
16219,17260,16219,17260,1120,A32,0.029832935560859086,17112.122822995214,15256.077177004787
17180,17180,17180,17180,0,A32,-0.004634994206257237,17253.01483784647,15204.185162153532
16219,17260,16219,17260,1100,A32,0.00465657741559955,17333.89636653364,15330.30363346636
17260,17260,17260,17260,100,A32,0.0,17462.998786633627,15320.201213366372
17260,17260,17260,17260,0,A32,0.0,17516.172044039602,15454.027955960393
17260,17260,17260,17260,300,A32,0.0,17531.69273420796,15625.507265792035
17260,17260,17260,17260,30,A32,0.0,17612.76389868997,15648.536101310034
17260,17260,17260,17260,0,A32,0.0,17662.55887309669,15729.741126903315
17260,17260,17260,17260,0,A32,0.0,17718.334135055564,15778.065864944436
17260,17260,17260,17260,0,A32,0.0,17762.902974856468,15837.597025143532
19320,19320,19320,19320,800,A32,0.11935110081112388,18381.06170519481,15529.53829480519
19320,19320,19320,19320,0,A32,0.0,18826.907051192884,15393.792948807113
19320,19320,19320,19320,0,A32,0.0,19180.606453623215,15350.193546376786
19320,19320,16560,16560,800,A32,-0.1428571428571429,19165.89901444133,15399.000985558672
18980,18980,18980,18980,0,A32,0.14613526570048307,19351.45405214696,15516.44594785304
18980,18980,18980,18980,0,A32,0.0,19540.788409841047,15569.111590158956
18980,18980,18980,18980,0,A32,0.0,19699.105602023734,15652.79439797627
18980,18980,18980,18980,0,A32,0.0,19797.052192959127,15830.947807040871
18980,18980,18980,18980,0,A32,0.0,19892.380903145837,15977.619096854163
16560,16560,16560,16560,500,A32,-0.12750263435194942,19908.164138441396,15941.835861558604
16560,16560,16560,16560,0,A32,0.0,19942.374234880182,15837.62576511982
16630,16630,16630,16630,200,A32,0.004227053140096526,19966.28587313443,15758.714126865567
16630,16630,16630,16630,0,A32,0.0,19988.117521137872,15673.882478862126
16630,16630,16630,16630,0,A32,0.0,20006.864718391596,15592.135281608404
16630,16630,16630,16630,100,A32,0.0,20022.73368715687,15513.26631284313
16630,16630,16630,16630,500,A32,0.0,20035.902313645875,15437.097686354124
16630,16630,16630,16630,0,A32,0.0,20046.52514400337,15363.474855996628
16630,16630,16630,16630,100,A32,0.0,20054.737283430615,15292.262716569387
18080,18080,18080,18080,1900,A32,0.08719182200841846,20094.083787135896,15334.916212864106
18080,18080,18080,18080,0,A32,0.0,20130.599787377367,15380.400212622633
18980,18980,18980,18980,100,A32,0.0497787610619469,20073.085830506134,15403.914169493868
16710,16710,16710,16710,2600,A32,-0.11959957850368808,19864.87926128094,15351.120738719059
16710,16710,16710,16710,100,A32,0.0,19622.371791040205,15332.628208959797
16710,16710,16219,16219,3600,A32,-0.02938360263315376,19639.375283253194,15281.524716746808
16290,16290,16290,16290,0,A32,0.0043775818484492746,19444.331124821503,15207.568875178498
16290,16290,16290,16290,0,A32,0.0,19212.004327406223,15170.895672593779
16360,16360,16290,16290,400,A32,0.0,18936.58267422122,15177.317325778782
16290,16290,16290,16290,0,A32,0.0,18607.287140497567,15237.612859502437
18630,18630,18630,18630,1100,A32,0.14364640883977908,18509.28605893529,15300.613941064712
18630,18630,18630,18630,0,A32,0.0,18769.814979213566,15247.085020786433
16219,16219,16219,16219,100,A32,-0.12941492216854533,18776.24412764813,15206.555872351873
16219,16219,16219,16219,100,A32,0.0,18781.147685465017,15160.552314534978
16219,16219,16219,16219,0,A32,0.0,18784.777702235708,15115.822297764289
18630,18630,18630,18630,1000,A32,0.14865281460016022,19017.294773760215,15083.305226239781
17950,17950,17950,17950,3400,A32,-0.036500268384326406,19110.844068202055,15121.755931797943
17950,17950,17950,17950,0,A32,0.0,19195.381131002923,15169.218868997075
17950,17950,17950,17950,1900,A32,0.0,19271.153736679942,15225.446263320055
17950,17950,17950,17950,0,A32,0.0,19338.288843842773,15290.311156157224
17950,17950,17950,17950,0,A32,0.0,19322.7256661227,15292.874333877298
17950,17950,17950,17950,0,A32,0.0,19307.037280901965,15295.562719098034
17950,17950,17950,17950,0,A32,0.0,19129.408640116344,15370.191359883655
18280,18280,18280,18280,500,A32,0.018384401114206028,19242.004585352715,15414.595414647283
18280,18280,18280,18280,0,A32,0.0,19341.30351253235,15472.296487467645
18280,18280,18280,18280,0,A32,0.0,19399.333662273904,15620.366337726093
18280,18280,18280,18280,0,A32,0.0,19440.07851892355,15778.621481076449
18630,18630,18630,18630,500,A32,0.0191466083150984,19503.150301103084,15949.549698896913
18630,18630,18630,18630,400,A32,0.0,19532.420664596368,16154.27933540363
18630,18630,18630,18630,0,A32,0.0,19522.204061684388,16398.49593831561
18630,18630,18630,18630,0,A32,0.0,19522.204061684388,16398.49593831561
18630,18630,18630,18630,0,A32,0.0,19522.204061684388,16398.49593831561
18630,18630,18630,18630,0,A32,0.0,19446.36151904769,16715.438480952314
18630,18630,18630,18630,1000,A32,0.0,19284.650715472446,17118.249284527556
18630,18630,18630,18630,0,A32,0.0,18926.899991734186,17717.100008265814
18630,18630,18630,18630,0,A32,0.0,18926.899991734186,17717.100008265814
18630,18630,18630,18630,0,A32,0.0,18949.781104448448,17762.218895551552
18630,18630,18630,18630,0,A32,0.0,18964.456264653818,17815.543735346182
18630,18630,18630,18630,0,A32,0.0,18970.054942290626,17877.945057709374
18630,18630,18630,18630,0,A32,0.0,18965.054237730066,17950.945762269934
18630,18630,18630,18630,0,A32,0.0,18946.735087715933,18037.264912284067
18630,18630,18630,18630,0,A32,0.0,18909.687372739863,18142.312627260137
18630,18630,18630,18630,0,A32,0.0,18840.000000000033,18279.999999999967
18630,18630,18630,18630,0,A32,0.0,18827.44999499904,18327.55000500096
18630,18630,18630,18630,0,A32,0.0,18805.000000000044,18384.999999999956
18630,18630,18630,18630,0,A32,0.0,18765.061463023987,18459.938536976013
18630,18630,18630,18630,0,A32,0.0,18630.0,18630.0
18630,18630,18630,18630,0,A32,0.0,18630.0,18630.0
18630,18630,18630,18630,0,A32,0.0,18630.0,18630.0
18630,18630,18630,18630,0,A32,0.0,18630.0,18630.0
18630,18630,18630,18630,0,A32,0.0,18630.0,18630.0
18630,18630,18630,18630,0,A32,0.0,18630.0,18630.0
19320,19320,19320,19320,100,A32,0.03703703703703698,18965.26402710434,18363.73597289566
19320,19320,19320,19320,0,A32,0.0,19113.000000000022,18284.999999999978
19320,19320,19320,19320,0,A32,0.0,19226.258561569477,18240.741438430523
19320,19320,19320,19320,0,A32,0.0,19320.00000000002,18215.99999999998
19320,19320,19320,19320,0,A32,0.0,19400.05752861128,18204.94247138872
19320,19320,19320,19320,0,A32,0.0,19469.39544590392,18204.60455409608
19320,19320,19320,19320,0,A32,0.0,19529.718048977706,18213.281951022294
19320,19320,19320,19320,0,A32,0.0,19582.05916900817,18229.94083099183
19320,19320,19320,19320,0,A32,0.0,19627.04133160358,18253.95866839642
19320,19320,19320,19320,0,A32,0.0,19665.000000000015,18284.999999999985
19320,19320,19320,19320,0,A32,0.0,19696.04133160358,18322.95866839642
19320,19320,19320,19320,0,A32,0.0,19720.05916900817,18367.94083099183
19320,19320,19320,19320,0,A32,0.0,19736.718048977706,18420.281951022294
19320,19320,19320,19320,0,A32,0.0,19745.39544590392,18480.60455409608
19320,19320,19320,19320,0,A32,0.0,19745.05752861128,18549.94247138872
19320,19320,19320,20710,100,A32,0.07194616977225676,20116.676860532007,18386.323139467993
20710,20710,20710,20710,0,A32,0.0,20381.881508017374,18329.118491982626
20710,20710,20710,20710,0,A32,0.0,20587.26726322412,18331.73273677588
20020,20020,20020,20020,500,A32,-0.033317238049251574,20614.244672873367,18443.755327126633
20020,20020,20020,20020,200,A32,0.0,20620.757795274763,18576.242204725237
20380,20380,20380,20380,400,A32,0.01798201798201804,20719.40027624307,18583.59972375693
20380,20380,20380,20380,0,A32,0.0,20806.016681671237,18602.983318328763
20380,20380,20380,20380,0,A32,0.0,20881.68637244899,18633.31362755101
20380,20380,20380,20380,0,A32,0.0,20947.064560418818,18673.935439581182
20380,20380,20380,20380,0,A32,0.0,21002.486830476988,18724.513169523012
20380,20380,20380,20380,0,A32,0.0,21048.017123158115,18784.982876841885
20380,20380,20380,20380,300,A32,0.0,21083.456462344922,18855.543537655078
17830,17830,17830,17830,500,A32,-0.12512266928361138,21326.719246221135,18463.280753778865
17830,17830,17830,17830,0,A32,0.0,21498.099177396085,18142.900822603915
17830,17830,17830,17830,0,A32,0.0,21626.014893558033,17865.985106441967
17830,17830,17830,17830,0,A32,0.0,21723.370122595486,17619.629877404514
17830,17830,17830,17830,0,A32,0.0,21797.33724687831,17396.66275312169
17830,17830,17830,17830,100,A32,0.0,21852.391628381032,17192.608371618968
20020,20020,20020,20020,100,A32,0.12282669657879985,21895.190099221883,17219.809900778117
23000,23000,23000,23000,100,A32,0.1488511488511488,22514.269554074053,16968.730445925947
23000,23000,23000,23000,0,A32,0.0,22949.8286959688,16762.1713040312
23000,23000,23000,23000,0,A32,0.0,23339.538290076267,16601.461709923733
23000,23000,23000,23000,0,A32,0.0,23693.902880377915,16476.097119622085
25480,25480,25480,25480,100,A32,0.10782608695652174,24664.555932528918,16051.444067471082
25480,25480,25480,25480,0,A32,0.0,25475.83601373669,15786.16398626331
25480,25480,25480,25480,1,A32,0.0,26168.262394088353,15603.737605911647
25480,25480,25480,25480,0,A32,0.0,26781.208861380936,15500.791138619064
25480,25480,25480,25480,0,A32,0.0,27329.078121852097,15462.921878147903
29260,29260,29260,29260,200,A32,0.14835164835164827,28664.582038484117,15015.417961515883
29260,29260,29260,29260,0,A32,0.0,29792.08470916518,14775.915290834819
29260,29260,29260,29260,0,A32,0.0,30764.831714052496,14691.168285947502
29260,29260,29260,29260,0,A32,0.0,31611.958767671797,14732.041232328203
33620,33620,33620,33620,100,A32,0.14900888585099104,33173.688176540905,14749.311823459097
33620,33620,33620,33620,0,A32,0.0,34421.027714541466,15080.972285458536
38640,38640,38640,38640,100,A32,0.14931588340273638,36662.548293517975,14920.451706482027
38640,38640,38640,38640,0,A32,0.0,38415.989986183515,15248.010013816482
38640,38640,38640,38640,0,A32,0.0,39769.42544315547,15975.574556844527
38640,38640,38640,38640,0,A32,0.0,40754.60985677201,17071.39014322799
38640,38640,38640,38640,0,A32,0.0,41670.34753421359,18017.652465786403
38640,38640,38640,38640,0,A32,0.0,42606.077462186964,18645.922537813036
38640,38640,38640,38640,0,A32,0.0,43336.52983397368,19479.470166026324
38640,38640,38640,38640,0,A32,0.0,43858.984531654845,20521.015468345155
36380,44400,32900,32900,300,A32,-0.14855072463768115,43565.9328644193,21804.0671355807
37920,37920,37920,37920,0,A32,0.1525835866261398,43887.44441410662,22726.555585893377
32240,32240,32240,32240,500,A32,-0.14978902953586493,43618.17101026549,23671.82898973451
32240,32240,32240,32240,0,A32,0.0,43260.31232631521,24705.687673684795
27440,27440,27440,27440,800,A32,-0.14888337468982626,43032.65213801341,25129.347861986593
27150,27150,27150,27150,100,A32,-0.010568513119533551,42819.93176277186,25509.068237228137
27150,27150,27150,27150,0,A32,0.0,42997.78045373081,25120.21954626919
27150,27150,27150,27150,0,A32,0.0,43162.08572203137,24744.91427796863
27150,27150,27150,27150,0,A32,0.0,43314.00570462537,24381.99429537463
27150,27150,27150,27150,0,A32,0.0,43454.5252779737,24030.4747220263
27150,27150,27150,27150,0,A32,0.0,43547.87140800988,23290.12859199012
27150,27150,27150,27150,0,A32,0.0,43584.895549792185,22606.104450207815
30570,30570,30570,30570,200,A32,0.12596685082872927,42914.69553493598,22469.304465064022
30570,30570,30570,30570,0,A32,0.0,42171.67211223199,22405.327887768013
30570,30570,30570,30570,0,A32,0.0,41347.990013732444,22422.009986267552
30570,30570,30570,30570,0,A32,0.0,40432.29722706307,22530.70277293693
30570,30570,30570,30570,0,A32,0.0,39407.63768719864,22748.362312801357
30570,30570,30570,30570,2,A32,0.0,38247.24448268261,23101.755517317386
25980,25980,25980,25980,100,A32,-0.1501472031403337,36930.73297617376,23152.26702382624
22130,22130,22130,22130,100,A32,-0.14819091608929946,35732.690571141145,22699.309428858855
18840,18840,18840,18840,100,A32,-0.14866696791685496,36214.18977820959,20811.81022179041
18840,18840,18840,18840,0,A32,0.0,35087.80574858987,20030.19425141013
21480,21480,16160,16160,1500,A32,-0.1422505307855626,35455.70916649901,18054.290833500992
18200,18560,16530,16530,4800,A32,0.02289603960396036,35357.1183880684,16581.881611931603
16370,16370,16370,16370,2900,A32,-0.009679370840895318,35658.047451559665,15173.952548440337
18200,18200,18200,18200,700,A32,0.1117898594990836,35641.42326403595,14295.57673596405
18200,18200,18200,18200,0,A32,0.0,35535.58106329967,13506.418936700326
18200,18200,18200,18200,0,A32,0.0,35348.63418988882,12798.365810111183
18560,18560,18560,18560,900,A32,0.01978021978021971,35071.0528133898,12216.947186610201
19290,19290,19290,19290,800,A32,0.0393318965517242,34709.30685572697,11792.69314427303
19290,19290,19290,19290,0,A32,0.0,34293.57886597787,11422.42113402213
19290,19290,19290,19290,1700,A32,0.0,33823.5448011618,11106.4551988382
19290,19290,19290,19290,1200,A32,0.0,32700.170153303436,11101.829846696566
19290,20810,19290,20810,5000,A32,0.07879730430274745,31456.76642500211,11369.233574997888
19930,19930,19930,19930,0,A32,-0.04228736184526671,30014.174475504104,11747.825524495896
17460,17460,17460,17460,1000,A32,-0.12393376818866031,28303.95647385685,12147.043526143148
16230,16230,15650,15650,2700,A32,-0.10366552119129435,26248.59883219322,12710.40116780678
15280,18120,13460,18120,5400,A32,0.1578274760383387,23333.65991560668,14380.34008439332
17760,17760,17540,17540,300,A32,-0.03200883002207511,21521.68430520512,15348.315694794883
19790,19790,16440,16440,700,A32,-0.06271379703534774,20846.65633819695,15454.34366180305
17400,17400,17400,17400,0,A32,0.058394160583941535,20774.068771150087,15382.931228849913
18200,19500,18200,19500,4400,A32,0.1206896551724137,20859.20649815434,15363.79350184566
19130,19580,18920,18920,1000,A32,-0.029743589743589705,20865.37060077512,15633.62939922488
19500,19500,19500,19500,1900,A32,0.030655391120507414,20942.795473117556,15853.204526882446
20020,22430,17460,17460,4200,A32,-0.10461538461538467,20864.452528554324,16040.547471445676
19930,19930,19930,19930,0,A32,0.1414662084765177,21031.275265695906,16046.724734304094
17460,21110,17460,21110,3200,A32,0.05920722528850986,21409.528256734156,15959.471743265842
17540,18410,17460,18410,2900,A32,-0.12790146849834205,21414.091760128664,15975.908239871334
19210,19290,19210,19290,2700,A32,0.04780010863661044,21461.93787697131,16001.062123028689
19210,19210,19210,19210,200,A32,-0.00414722654224986,21454.88611127937,16000.11388872063
19130,19130,19130,19130,200,A32,-0.004164497657470068,21441.172096340706,15997.827903659296
17830,17830,17830,17830,400,A32,-0.06795608991113433,21381.33655818764,15911.663441812363
17830,17830,17830,17830,0,A32,0.0,21313.66988524427,15833.330114755729
19210,20380,19210,20380,700,A32,0.1430173864273696,21227.62777680297,15876.372223197031
20020,20020,20020,20020,0,A32,-0.017664376840039298,21241.668709783353,15871.331290216647
20020,20020,20020,20020,0,A32,0.0,21392.358748162394,15976.641251837607
20020,20020,20020,20020,0,A32,0.0,21281.361620948253,16524.638379051747
20020,20020,20020,20020,0,A32,0.0,21395.378568353277,16600.621431646723
18200,18200,17830,17900,2300,A32,-0.10589410589410586,21374.409633630174,16657.590366369826
17980,17980,17980,17980,0,A32,0.004469273743016755,21196.778505451468,16989.221494548532
17980,17980,17980,17980,0,A32,0.0,21146.110668911067,17097.889331088933
18840,18920,18840,18920,3200,A32,0.0522803114571746,21111.227935590927,17074.772064409073
18920,18920,18920,18920,500,A32,0.0,21111.227935590927,17074.772064409073
20020,20020,20020,20020,800,A32,0.058139534883721034,21170.65201727769,17067.34798272231
20020,20020,20020,20020,0,A32,0.0,21184.948399725756,17309.051600274244
20020,20020,20020,20020,0,A32,0.0,21196.177608242462,17306.822391757538
20020,20020,20020,20020,0,A32,0.0,20985.072705456805,17408.927294543195
20020,20020,20020,20020,0,A32,0.0,21061.56137786782,17493.43862213218
18670,18670,18290,18440,1200,A32,-0.07892107892107891,21055.96128459658,17414.03871540342
18440,18440,18440,18440,0,A32,0.0,21050.21276092053,17342.78723907947
18440,18440,18440,18440,0,A32,0.0,21044.834034109117,17279.165965890883
19650,19650,19650,19650,1500,A32,0.06561822125813443,21043.174293190365,17462.825706809635
19650,19650,19650,19650,2200,A32,0.0,21016.76298380841,17671.23701619159
19650,19650,19650,19650,0,A32,0.0,20918.982236948214,17696.017763051786
19650,19650,19650,19650,0,A32,0.0,20875.64299702221,17702.35700297779
19650,19650,19650,19650,0,A32,0.0,20831.031640178953,17709.968359821047
19650,19650,19650,19650,0,A32,0.0,20785.083167998273,17718.916832001727
19650,19650,19650,19650,0,A32,0.0,20737.7243848574,17729.2756151426
19650,19650,19650,19650,0,A32,0.0,20703.431191777596,17938.568808222404
19650,19650,19650,19650,100,A32,0.0,20647.568381063415,18161.431618936585
19650,19650,19650,19650,0,A32,0.0,20547.973584576346,18428.026415423654
19650,19650,19650,19650,0,A32,0.0,20553.547617945653,18495.452382054347
19650,19650,19650,19650,0,A32,0.0,20552.804416202925,18569.195583797075
19650,19650,19650,19650,0,A32,0.0,20512.94062157333,18572.05937842667
19650,19650,19650,19650,0,A32,0.0,20471.15151902936,18576.84848097064
19650,19650,19650,19650,0,A32,0.0,20427.29119110546,18583.70880889454
19650,19650,19650,19650,300,A32,0.0,20381.183426372703,18592.816573627297
19650,19650,19650,19650,0,A32,0.0,20332.612839853467,18604.387160146533
19650,19650,19650,19650,0,A32,0.0,20254.99999999974,18803.00000000026
19650,19650,19650,19650,0,A32,0.0,20116.92677216807,19062.07322783193
19650,19650,19650,19650,0,A32,0.0,19650.0,19650.0
19650,19650,19650,19650,0,A32,0.0,19650.0,19650.0
19650,19650,19650,19650,0,A32,0.0,19650.0,19650.0
19490,19490,19420,19420,3000,A32,-0.011704834605598013,19738.75467569959,19538.24532430041
19490,19490,19490,19490,0,A32,0.003604531410916545,19749.57560623247,19511.42439376753
19490,19490,19490,19490,0,A32,0.0,19755.897901031574,19489.102098968426
19490,19490,19490,19490,0,A32,0.0,19759.06486433304,19469.93513566696
19490,19490,19490,19490,0,A32,0.0,19759.76773959196,19453.23226040804
19490,19490,19490,19490,0,A32,0.0,19758.40934931901,19438.59065068099
19490,19490,19490,19490,0,A32,0.0,19755.23918780797,19425.76081219203
19490,19490,19490,19490,0,A32,0.0,19750.41366829305,19414.58633170695
19490,19490,19490,19490,0,A32,0.0,19744.025809243398,19404.974190756602
19490,19490,19490,19490,0,A32,0.0,19736.120163894593,19396.879836105407
20160,20160,20160,20160,1500,A32,0.034376603386351956,19900.58386218276,19283.41613781724
19420,19420,19420,19420,500,A32,-0.03670634920634919,19896.631301834583,19264.368698165417
19420,19420,19420,19420,0,A32,0.0,19890.863325030405,19247.136674969595
19420,19420,19420,19420,0,A32,0.0,19883.37574318999,19231.62425681001
18380,18380,18380,18380,1000,A32,-0.0535530381050463,20098.694964423903,18889.305035576097
18380,18380,18380,18380,0,A32,0.0,20200.473376162852,18660.526623837148
18380,18380,18380,18380,0,A32,0.0,20254.58323553322,18479.41676446678
18380,18380,18380,18380,0,A32,0.0,20278.431279629298,18328.568720370702
18380,18380,18380,18380,1000,A32,0.0,20279.673025522745,18200.326974477255
19710,19710,19710,19710,1100,A32,0.07236126224156703,20287.72197258391,18198.27802741609
19710,19710,19710,19710,0,A32,0.0,20319.552258601063,18195.447741398937
19710,19710,19710,19710,0,A32,0.0,20344.423324405423,18192.576675594577
19710,19710,19710,19710,0,A32,0.0,20368.673539891424,18190.326460108576
19710,19710,19710,19710,0,A32,0.0,20392.32530375719,18188.67469624281
19710,19710,19710,19710,0,A32,0.0,20415.399007989334,18187.600992010666
19420,19420,19420,19420,500,A32,-0.014713343480466823,20409.946041856176,18186.053958143824
20160,20160,20160,20160,800,A32,0.03810504634397538,20503.32379221435,18159.67620778565
20160,20160,20160,20160,0,A32,0.0,20590.128564681938,18139.871435318062
20160,20160,20160,20160,0,A32,0.0,20671.186528568454,18125.813471431546
20160,20160,20160,20160,0,A32,0.0,20747.121287182144,18116.878712817856
20160,20160,20160,20160,0,A32,0.0,20747.121287182144,18116.878712817856
20160,20160,20160,20160,500,A32,0.0,20821.788231764167,18116.211768235833
20160,20160,20160,20160,0,A32,0.0,20891.487639785944,18120.512360214056
20160,20160,20160,20160,0,A32,0.0,20956.56428930545,18129.43571069455
20160,20160,20160,20160,0,A32,0.0,20963.203966340105,18300.796033659895
20160,20160,20160,20160,0,A32,0.0,20938.651838580976,18503.348161419024
20160,23160,20160,23160,300,A32,0.14880952380952372,21765.51377729433,18154.48622270567
22170,22170,22170,22170,0,A32,-0.04274611398963735,22045.226509810855,18253.773490189145
22170,22170,22170,22170,0,A32,0.0,22246.982180210194,18431.017819789806
22170,22170,22170,22170,0,A32,0.0,22504.367253948138,18419.632746051862
22170,22170,22170,22170,0,A32,0.0,22725.350438596368,18444.649561403632
19790,19790,19790,19790,200,A32,-0.10735227785295443,22723.08434697405,18454.91565302595
19790,19790,19790,19790,0,A32,0.0,22720.769724382706,18465.230275617294
19790,19790,19790,19790,0,A32,0.0,22718.406137447437,18475.593862552563
22410,22410,22410,22410,100,A32,0.13239009600808482,22951.798189025223,18512.201810974777
22410,22410,22410,22410,0,A32,0.0,23130.270997678435,18632.729002321565
22410,22410,22410,22410,0,A32,0.0,23311.217296672814,18676.782703327186
22410,22410,22410,22410,0,A32,0.0,23468.865551729807,18744.134448270193
22410,22410,22410,22410,0,A32,0.0,23604.538932819934,18833.461067180066
22410,22410,22410,22410,0,A32,0.0,23718.877431408717,18944.122568591283
22410,22410,22410,22410,0,A32,0.0,23811.930742230372,19076.069257769628
22410,22410,22410,22410,0,A32,0.0,23883.16521012364,19229.83478987636
22410,22410,22410,22410,0,A32,0.0,23931.387234758826,19406.612765241174
22410,22410,22410,22410,0,A32,0.0,23954.555682673523,19608.444317326477
22410,22410,22410,22410,0,A32,0.0,23949.406529132302,19838.593470867698
22410,22410,22410,22410,0,A32,0.0,23910.698256484786,20102.301743515214
25400,25400,24650,24650,1500,A32,0.09995537706381086,24257.068932731614,19904.931067268386
24710,24710,24710,24710,0,A32,0.0024340770791075883,24667.980487727433,19748.019512272567
24710,24710,24710,24710,0,A32,0.0,25025.4832279722,19644.5167720278
26890,26890,26890,26890,1400,A32,0.08822339133953871,25911.669992681065,19230.330007318935
26890,26890,26890,26890,0,A32,0.0,26632.687389215134,18981.312610784866
30770,30770,30770,30770,100,A32,0.14429155820007433,28284.66066999948,18427.33933000052
30770,30770,30770,30770,0,A32,0.0,29520.719010064495,18289.280989935505
30770,30770,30770,30770,0,A32,0.0,30484.729309130013,18423.270690869987
30770,30770,30770,30770,0,A32,0.0,31415.208998648886,18328.791001351114
29120,31350,26220,26220,2400,A32,-0.1478713032174196,31529.30407929603,18595.69592070397
30620,30620,30620,30620,1000,A32,0.16781083142639197,32249.099467983022,18696.900532016978
30620,30620,30620,30620,0,A32,0.0,32859.41649892685,18907.583501073153
26060,26060,26060,26060,100,A32,-0.14892227302416716,32857.41929201841,19274.580707981593
22170,22170,22170,22170,400,A32,-0.149270913277053,32872.012613658015,19235.987386341985
22170,22170,22170,22170,0,A32,0.0,32886.4184559391,19197.581544060897
22170,22170,22170,22170,0,A32,0.0,32900.63898047335,19159.361019526656
22170,22170,22170,22170,0,A32,0.0,32914.6763009438,19121.323699056204
22170,22170,22170,22170,0,A32,0.0,32928.53248457527,19083.467515424734
22170,22170,22170,22170,0,A32,0.0,32942.209553546854,19045.790446453142
19050,19050,18890,18890,1000,A32,-0.1479476770410465,33279.77351572666,18356.22648427334
18970,18970,18970,18970,0,A32,0.004235044997353166,33562.7991630131,17505.200836986904
18970,18970,18970,18970,0,A32,0.0,33768.35928124145,16725.64071875855
18970,18970,18970,18970,0,A32,0.0,33910.22681276848,16009.773187231522
18970,18970,18970,18970,0,A32,0.0,33832.782875868856,15295.217124131143
20530,20530,20530,20530,500,A32,0.08223510806536627,33609.67534678557,14882.324653214435
20530,20530,20530,20530,0,A32,0.0,32727.27837887829,14740.72162112171
20530,20530,20530,20530,0,A32,0.0,31706.252707221756,14737.747292778242
21290,21290,21290,21290,100,A32,0.03701899659035557,30522.05325425545,14973.946745744552
21290,21290,21290,21290,0,A32,0.0,29136.350617681943,15411.649382318059
21290,21290,21290,21290,0,A32,0.0,28655.3409003234,15399.659099676599
18290,18290,18290,18290,100,A32,-0.14091122592766558,26927.842937767913,15894.157062232087
20160,20160,20160,20160,1000,A32,0.10224166211044294,24450.766340921007,17325.233659078993
20910,20910,20910,20910,700,A32,0.03720238095238093,23290.999765081677,17970.000234918323
20910,20910,20910,20910,0,A32,0.0,23137.323923929354,17997.676076070646
20910,20910,20910,20910,0,A32,0.0,22973.908633661034,18035.091366338966
21200,21290,21200,21290,500,A32,0.018173122907699568,22839.335639551347,18081.664360448653
20910,20910,20910,20910,500,A32,-0.01784875528417096,22655.577722311536,18139.422277688464
20910,20910,20910,20910,0,A32,0.0,22457.521196314265,18211.478803685735
21660,23160,21660,23160,800,A32,0.10760401721664281,22712.152915939943,18055.847084060057
22330,22330,22330,22330,0,A32,-0.03583765112262527,22925.163565480372,18186.836434519628
22330,22330,22330,22330,0,A32,0.0,23095.99831365869,18352.00168634131
23160,25400,23160,25400,1000,A32,0.1374832064487237,24040.599163633764,18050.400836366236
23590,23590,23590,23590,800,A32,-0.07125984251968509,24308.088857348517,18244.911142651483
23590,23590,23590,23590,0,A32,0.0,24504.757913493548,18510.242086506452
23590,23590,23590,23590,0,A32,0.0,24753.424021051873,18567.575978948127
23590,23590,23590,23590,0,A32,0.0,24969.689316248267,18657.310683751733
23590,23590,23590,23590,0,A32,0.0,25155.48275316749,18777.51724683251
23590,23590,23590,23590,0,A32,0.0,25329.935161735524,18833.064838264476
23590,23590,23590,23590,0,A32,0.0,25487.28273363644,18905.71726636356
23590,23590,23590,23590,0,A32,0.0,25628.18072023819,18994.81927976181
23890,23890,23890,23890,1000,A32,0.012717253073336154,25411.182783576856,19771.817216423144
23890,23890,23890,23890,0,A32,0.0,25417.368106195067,20138.631893804933
26140,26890,26140,26890,300,A32,0.1255755546253663,26125.357590572297,20028.642409427703
26660,26660,26660,26660,0,A32,-0.008553365563406468,26618.767813195427,20110.232186804573
22710,22710,22710,22710,200,A32,-0.1481620405101275,26526.733552319834,20382.266447680166
22710,22710,22710,22710,0,A32,0.0,26456.762356050673,20594.237643949327
22710,22710,22710,22710,0,A32,0.0,26321.92550239236,20909.07449760764
22710,22710,22710,22710,0,A32,0.0,26153.433618380972,21257.566381619028
22710,22710,22710,22710,20,A32,0.0,26158.690610718502,21207.309389281498
22710,22710,22710,22710,0,A32,0.0,26141.431081215404,21262.568918784596
22710,22710,22710,22710,0,A32,0.0,26123.023313791884,21318.976686208116
22710,22710,22710,22710,1,A32,0.0,25896.904942861693,21276.095057138307
22410,22410,22410,22410,100,A32,-0.013210039630118908,25894.116783511803,21160.883216488197
22410,22410,22410,22410,200,A32,0.0,25884.267165932957,21052.732834067043
25770,25770,25770,25770,119,A32,0.14993306559571629,26193.763557059905,20961.236442940095
25770,25840,25770,25770,2600,A32,0.0,26471.94269372029,20901.05730627971
25840,25840,25840,25840,0,A32,0.00271633682576633,26737.318566799684,20860.681433200316
25840,25840,25840,25840,0,A32,0.0,26978.663347459627,20844.336652540373
25840,26140,25840,26140,500,A32,0.011609907120742946,27250.70297505852,20827.29702494148
25980,25980,25980,25980,0,A32,-0.006120887528691665,27470.763727422647,20846.236272577353
25980,25980,25980,25980,0,A32,0.0,27665.435010400604,20860.564989599396
25770,25770,25770,25770,200,A32,-0.008083140877598205,27816.422495157214,20897.577504842786
25770,25770,25770,25770,0,A32,0.0,27628.334669070693,20973.665330929307
25770,25770,25770,25770,100,A32,0.0,27478.58798762538,21034.41201237462
26520,26520,26520,26520,100,A32,0.029103608847497187,27730.75455842847,21163.24544157153
28000,28830,28000,28830,1400,A32,0.08710407239818996,28447.21222996186,21058.78777003814
28670,28670,28670,28670,0,A32,-0.00554977454040928,28991.27867034805,21110.72132965195
28370,28750,28370,28750,1000,A32,0.002790373212417263,29451.956452562015,21254.043547437985
28410,28410,28410,28410,0,A32,-0.011826086956521764,29754.856082012073,21521.143917987927
28410,28410,28410,28410,0,A32,0.0,29978.337717132792,21867.662282867208
28410,28410,28410,28410,0,A32,0.0,30118.655188072687,22297.344811927313
24460,24460,24220,24220,1400,A32,-0.1474832805350229,29973.168142258844,22593.831857741156
27020,27020,27020,27020,1400,A32,0.11560693641618491,29755.730402115485,23272.269597884515
27020,27020,27020,27020,0,A32,0.0,29386.26815788211,24102.73184211789
29420,29420,29420,29420,100,A32,0.08882309400444122,29770.84317429774,24083.15682570226
27180,27180,27180,27180,100,A32,-0.07613868116927258,29792.609121304544,24202.390878695456
27090,27090,25610,25610,900,A32,-0.05776306107431939,29801.87925877511,24170.12074122489
26390,26480,26390,26480,400,A32,0.033971105037094995,29795.34117457684,24240.65882542316
26390,26390,26390,26390,0,A32,-0.003398791540785484,29794.138724580305,24266.861275419695
26390,26390,26390,26390,100,A32,0.0,29789.13001882669,24312.86998117331
22670,22670,22670,22670,1800,A32,-0.14096248579007198,30201.675357245127,23569.324642754873
22670,22670,22670,22670,0,A32,0.0,30499.603208987497,22961.396791012503
22670,22670,22670,22670,0,A32,0.0,30725.56734885108,22425.43265114892
25610,25610,25610,25610,200,A32,0.12968681076312305,30724.358789999947,22410.641210000053
25610,25610,25610,25610,0,A32,0.0,30699.810910034084,22344.189089965916
25610,25610,25610,25610,0,A32,0.0,30417.032051155395,22304.967948844605
25610,25610,24850,24850,600,A32,-0.02967590784849672,30131.792523593307,22208.207476406693
25070,25070,25070,25070,0,A32,0.008853118712273567,29790.08937855038,22181.91062144962
25070,25070,25070,25070,0,A32,0.0,29473.06568085466,22164.93431914534
25070,27090,25070,27090,700,A32,0.08057439170323089,29262.30249479862,22243.69750520138
26790,26790,26790,26790,0,A32,-0.011074197120708784,29002.48104633547,22341.51895366453
27950,27950,27950,27950,200,A32,0.04329973870847326,29259.848409087168,22457.151590912832
24850,24850,24140,24140,600,A32,-0.13631484794275495,29150.640131019078,22278.359868980922
24380,24380,24380,24380,0,A32,0.009942004971002394,29010.71746684772,22154.28253315228
22200,22200,22200,22200,100,A32,-0.0894175553732568,28473.325794842,21969.674205158
25160,25160,25160,25160,400,A32,0.1333333333333333,28245.748630109258,21995.251369890742
25160,25160,25160,25160,0,A32,0.0,28215.297547556183,21980.702452443817
27870,27950,27870,27950,1700,A32,0.11089030206677264,28479.17758404591,21863.82241595409
27950,27950,27950,27950,0,A32,0.0,28737.115087706756,21761.884912293244
27570,27950,27570,27950,400,A32,0.0,28979.55627010316,21675.44372989684
27630,27630,27630,27630,0,A32,-0.0114490161001789,29144.721063481473,22006.278936518527
27630,27630,27630,27630,0,A32,0.0,29236.58233126595,22410.41766873405
27630,27630,27630,27630,0,A32,0.0,29244.336428182174,22898.663571817826
27630,27630,27630,27630,0,A32,0.0,29408.125905447014,22936.874094552986
24070,26390,24070,26390,800,A32,-0.044878754976474866,29437.855684049704,22985.144315950296
25070,25070,25070,25070,100,A32,-0.05001894657067074,29439.449922809847,22929.550077190153
25070,25070,25070,25070,0,A32,0.0,29433.780253467852,22957.219746532148
25070,25070,25070,25070,0,A32,0.0,29433.780253467852,22957.219746532148
25070,25070,25070,25070,0,A32,0.0,29433.780253467852,22957.219746532148
27180,27180,27180,27180,100,A32,0.08416433984842442,29443.485779219605,22956.514220780395
27180,27180,27180,27180,0,A32,0.0,29481.575872814705,22957.424127185295
27090,27180,26240,26240,600,A32,-0.034584253127299514,29298.34132166551,22969.65867833449
27020,27020,27020,27020,0,A32,0.029725609756097615,29326.262455891854,23229.737544108146
27020,27020,27020,27020,200,A32,0.0,29344.593668636226,23475.406331363774
27020,27020,27020,27020,0,A32,0.0,28866.652499829303,24435.347500170697
27020,27020,27020,27020,0,A32,0.0,28855.193027650443,24632.806972349557
23290,23760,23290,23760,700,A32,-0.1206513693560326,29064.93621830442,24283.06378169558
23680,23680,23450,23450,1000,A32,-0.013047138047138085,29144.78856737687,23753.21143262313
23530,23530,23530,23530,0,A32,0.0034115138592749616,29113.38108401643,23342.61891598357
23370,23370,23290,23290,1000,A32,-0.010199745006374883,29034.996710524505,22955.003289475495
23370,23370,23370,23370,100,A32,0.003434950622584809,28928.996027960602,22635.003972039398
23530,23530,23530,23530,100,A32,0.0068463842533161845,28749.816414480956,22404.183585519044
22200,22200,22200,22200,100,A32,-0.05652358691032722,28653.600804934016,21957.399195065984
22200,22200,22200,22200,0,A32,0.0,28463.73701615733,21604.26298384267
24070,25470,24070,25470,700,A32,0.14729729729729724,28368.07455539072,21607.92544460928
25070,25070,25070,25070,0,A32,-0.01570475068708288,28368.07455539072,21607.92544460928
25070,25070,25070,25070,0,A32,0.0,28368.07455539072,21607.92544460928
25070,25070,25070,25070,0,A32,0.0,28368.07455539072,21607.92544460928
25070,25070,25070,25070,0,A32,0.0,28368.07455539072,21607.92544460928
25070,25070,25070,25070,0,A32,0.0,28110.619421582756,21654.380578417244
25070,25070,25070,25070,0,A32,0.0,27831.106088530614,21722.893911469386
25070,25070,25070,25070,1800,A32,0.0,27702.28467721781,21734.71532278219
25070,25070,25070,25070,0,A32,0.0,27419.26303266862,21822.73696733138
27090,27090,23290,23290,1100,A32,-0.07100119664938176,27060.22256721836,21808.77743278164
23590,23590,23590,23590,0,A32,0.01288106483469309,26625.719619421605,21900.280380578395
23590,23590,23590,23590,0,A32,0.0,26100.27350639632,22082.72649360368
26330,26330,26330,26330,800,A32,0.11615091140313694,26444.70672224448,21995.29327775552
26330,26330,26330,26330,0,A32,0.0,26738.492787944357,21989.507212055643
26330,26330,26330,26330,0,A32,0.0,26992.721760261637,22015.278239738363
26330,26330,26330,26330,0,A32,0.0,27200.29086387539,22111.70913612461
26330,26330,26330,26330,0,A32,0.0,27376.06065247299,22231.93934752701
26330,26330,26330,26330,0,A32,0.0,27528.2244484564,22359.7755515436
26330,26330,26330,26330,0,A32,0.0,27471.262590184484,22829.737409815516
26330,26330,26330,26330,0,A32,0.0,27294.14325747989,23419.85674252011
26330,26330,26330,26330,0,A32,0.0,27382.906956969942,23417.093043030058
26330,26330,26330,26330,0,A32,0.0,27479.740935271508,23446.259064728492
26160,26160,26010,26010,300,A32,-0.012153437143942236,27531.72203826337,23488.27796173663
25780,25780,25780,25780,1000,A32,-0.00884275278738944,27559.992243717956,23531.007756282044
25780,25780,25780,25780,0,A32,0.0,27585.72342232035,23576.27657767965
25780,25780,25780,25780,0,A32,0.0,27608.878227144585,23624.121772855415
25540,25540,25540,25540,300,A32,-0.009309542280837912,27617.068537001134,23662.931462998866
24850,24850,24850,24850,2000,A32,-0.02701644479248233,27621.02309223558,23636.97690776442
24850,24850,24850,24850,0,A32,0.0,27624.625027253423,23611.374972746577
24850,24850,24850,24850,0,A32,0.0,27438.48558100198,23953.51441899802
24850,24850,24850,24850,100,A32,0.0,27267.799522799436,24250.200477200564
24850,24850,24850,24850,0,A32,0.0,27040.582783400376,24603.417216599624
24850,25610,24850,25610,2400,A32,0.03058350100603624,26984.806072723946,24587.193927276054
28260,28260,28260,28260,12000,A32,0.10347520499804763,27484.010224756563,24280.989775243437
28260,28260,28260,28260,0,A32,0.0,27881.113561278562,24076.886438721438
24530,24530,24460,24460,2600,A32,-0.1344656758669498,27890.468578307355,23880.531421692645
23450,23450,22900,22900,4000,A32,-0.06377759607522482,28089.99999999996,23338.00000000004
24070,24070,23290,23290,2200,A32,0.017030567685589526,28141.19057070233,22982.80942929767
23290,23290,23290,23290,1000,A32,0.0,28143.905631143803,22676.094368856197
23290,23290,23290,23290,0,A32,0.0,28106.056179221152,22409.943820778848
23290,24460,23290,24070,6100,A32,0.03349076857020172,27993.294226374757,22296.705773625243
24380,24460,24380,24460,2100,A32,0.01620274200249283,27860.558739150852,22242.441260849148
24380,26240,24380,26240,400,A32,0.07277187244480787,27889.489695717955,22236.510304282045
24850,24850,24850,24850,200,A32,-0.05297256097560976,27824.81817997886,22208.18182002114
24850,24850,24850,24850,1100,A32,0.0,27756.926622643623,22183.073377356377
28570,28570,28570,28570,100,A32,0.1496981891348088,28295.39061331361,21923.60938668639
28730,28730,24460,25610,15600,A32,-0.103605180259013,28300.92785363781,21925.07214636219
24850,24850,24850,24850,500,A32,-0.02967590784849672,28300.92785363781,21925.07214636219
24850,24850,24850,24850,3200,A32,0.0,28300.92785363781,21925.07214636219
25610,25610,24300,24300,12900,A32,-0.02213279678068414,28291.46615702658,21879.53384297342
25610,25610,25610,25610,1000,A32,0.05390946502057603,28335.4108019993,21911.5891980007
24850,24850,24850,24850,200,A32,-0.02967590784849672,28335.4108019993,21911.5891980007
24850,24850,24850,24850,0,A32,0.0,28291.46615702658,21879.53384297342
24850,24850,24850,24850,100,A32,0.0,27771.140752834108,22058.859247165892
24850,24850,24850,24850,0,A32,0.0,27153.711281726817,22335.288718273183
24850,24850,24850,24850,0,A32,0.0,27169.99584372039,22358.00415627961
24850,24850,24850,24850,200,A32,0.0,27110.359933388423,22612.640066611577
24850,24850,24850,24850,0,A32,0.0,27070.025522024975,22808.974477975025
24850,24850,24850,24850,0,A32,0.0,27010.54666277531,23024.45333722469
24850,24850,24850,24850,0,A32,0.0,26927.618718860704,23263.381281139296
24850,24850,24850,24850,0,A32,0.0,26909.971486676084,23359.028513323916
24850,24850,24850,24850,0,A32,0.0,26907.846059379157,23400.153940620843
24850,24850,24850,24850,600,A32,0.0,26769.510088990504,23399.489911009496
24850,24850,24850,24850,0,A32,0.0,26769.510088990504,23399.489911009496
22780,22780,21190,21190,5000,A32,-0.1472837022132797,27294.767849614786,22508.232150385214
24530,24530,24530,24530,100,A32,0.1576215195847097,26402.596885088977,22996.403114911023
24120,24530,24120,24530,800,A32,0.0,26297.413738667907,22993.586261332093
24200,24610,24200,24610,2900,A32,0.0032613126783529456,26282.781964977417,22984.218035022583
23820,24200,23820,24200,3500,A32,-0.016659894351889526,26257.5373524312,22944.4626475688
24200,24200,24060,24200,10400,A32,0.0,26256.739594277133,22935.260405722867
24530,24530,24530,24530,11000,A32,0.013636363636363669,26136.247157751826,22947.752842248174
24610,26200,24610,26200,200,A32,0.06807990216061954,26357.132398417863,22861.867601582137
25410,25410,25410,25410,100,A32,-0.030152671755725224,26417.29633666321,22857.70366333679
25410,25410,25410,25410,700,A32,0.0,26475.15714984905,22855.84285015095
25410,25410,25410,25410,200,A32,0.0,26530.827134725816,22856.172865274184
25410,25410,25410,25410,100,A32,0.0,26584.40391593334,22858.59608406666
23820,25480,23820,25480,1200,A32,0.0027548209366390353,26644.614125555152,22861.385874444848
23410,23410,23410,23410,300,A32,-0.08124018838304548,26659.968418141074,22702.031581858926
23820,23820,23820,23820,100,A32,0.01751388295600176,26641.528578325808,22617.471421674192
23180,23180,23180,23180,1000,A32,-0.026868178001679288,26650.959857099362,22441.040142900638
26590,26590,23890,23890,1000,A32,0.030629853321829215,26616.778893608243,22379.221106391757
25410,28100,25410,28100,2000,A32,0.17622436165759736,27297.48672730823,22023.51327269177
26430,26430,26430,26430,2000,A32,-0.059430604982206425,27486.822150749667,21992.177849250333
26430,26430,26200,26200,200,A32,-0.008702232311766922,27627.23474200283,21986.76525799717
23510,23820,23510,23740,2100,A32,-0.0938931297709924,27279.677818417993,22589.322181582007
26520,26520,26200,26200,2400,A32,0.10362257792754836,27417.904998119673,22618.095001880327
24530,24610,24530,24610,300,A32,-0.06068702290076333,27418.90300179206,22625.09699820794
25000,25000,24860,24860,800,A32,0.010158472165786359,27425.27790687462,22643.72209312538
26990,26990,26990,26990,300,A32,0.085679806918745,27676.69774443495,22671.30225556505
26830,26830,26830,26830,400,A32,-0.005928121526491248,27865.394333756725,22745.605666243275
26670,26670,26590,26590,600,A32,-0.008945210585165841,28000.860121588008,22816.139878411992
26200,26200,26200,26200,200,A32,-0.014667168108311368,28000.860121588008,22816.139878411992
28570,28570,28570,28570,800,A32,0.09045801526717567,28502.396966856944,22630.603033143056
28570,28570,28570,28570,100,A32,0.0,28936.81053916022,22512.18946083978
28570,28570,28570,28570,100,A32,0.0,29320.329984161493,22444.670015838507
28570,28570,28570,28570,900,A32,0.0,29662.47446153335,22418.52553846665
28250,28250,28250,28250,300,A32,-0.011200560028001405,29914.70823271837,22443.29176728163
29370,29370,29370,29370,500,A32,0.03964601769911513,30232.43925526693,22721.56074473307
29370,29370,29370,29370,500,A32,0.0,30503.80113487832,23005.19886512168
25410,25410,25410,25410,500,A32,-0.1348314606741573,30303.099940356675,23428.900059643325
28500,28500,28500,28500,300,A32,0.12160566706021259,30315.78734349698,23877.21265650302
28500,28500,28500,28500,1000,A32,0.0,30365.310705473596,23867.689294526404
28570,28570,28570,28570,300,A32,0.002456140350877156,30515.49802551579,23931.50197448421
25410,28900,25410,28570,900,A32,0.0,30648.68776874985,24035.31223125015
26590,26590,25410,25410,1500,A32,-0.11060553027651387,30435.14100849252,24415.85899150748
30170,30170,30170,30170,100,A32,0.18732782369145995,30803.05898026442,24444.94101973558
25630,25630,25630,25630,800,A32,-0.15048060987736167,30687.37115907052,24662.62884092948
25410,25410,25410,25410,100,A32,-0.008583690987124415,30620.128317658004,24784.871682341996
25410,25410,25410,25410,200,A32,0.0,30695.497884113833,24551.502115886167
25410,25410,25410,25410,200,A32,0.0,30757.33930954422,24347.66069045578
26890,26890,26890,26890,1600,A32,0.058244785517512776,30756.95057964532,24378.04942035468
27810,27810,27810,27810,700,A32,0.03421346225362587,30776.006393855336,24519.993606144664
27810,27810,27810,27810,1200,A32,0.0,30710.625743297613,24509.374256702387
28620,28620,28620,28620,100,A32,0.029126213592232997,30716.296868353318,24508.703131646682
24940,24940,24940,24940,1000,A32,-0.12858141160027947,30709.242822000815,24152.757177999185
24530,27810,23310,27810,1700,A32,0.11507618283881316,30634.969154695933,24151.030845304067
24530,26170,24530,26170,4200,A32,-0.05897159295217547,30547.735337519734,24030.264662480266
24530,26010,24530,26010,6000,A32,-0.006113870844478453,30278.137310919476,23963.862689080524
24870,24870,24870,24870,100,A32,-0.0438292964244521,30021.19055419023,23770.80944580977
25350,26090,25350,26090,2100,A32,0.0490550864495376,30004.163300802324,23855.836699197676
26090,26170,25680,26170,4100,A32,0.0030663089306246505,29816.620210714158,23810.379789285842
25840,25840,25840,25840,100,A32,-0.012609858616736691,29607.72718626345,23753.27281373655
25770,25770,25770,25770,2000,A32,-0.002708978328173406,29358.65879609362,23722.34120390638
25030,25770,25030,25350,4500,A32,-0.016298020954598424,29080.98459184942,23678.01540815058
25350,25350,25350,25350,2000,A32,0.0,29082.414078458485,23670.585921541515
25770,26170,24940,24940,4100,A32,-0.01617357001972386,28255.79891629266,23974.20108370734
25350,25350,24940,24940,3000,A32,0.0,28273.064480237656,23887.935519762344
24530,25590,24530,25590,2200,A32,0.026062550120288686,28272.438157621473,23906.561842378527
25770,25770,25770,25770,300,A32,0.00703399765533419,28273.60133650294,23941.39866349706
24200,24620,24200,24620,2500,A32,-0.04462553356616217,28310.9855104302,23825.0144895698
24530,24530,24530,24530,200,A32,-0.0036555645816409577,28255.046637272186,23644.953362727814
25680,25680,25680,25680,500,A32,0.04688136975132484,27986.052449766357,23700.947550233643
26170,26170,26170,26170,200,A32,0.01908099688473519,27713.81426773453,23809.18573226547
26660,26890,24620,24620,1000,A32,-0.0592281238058846,27070.781617194025,24052.218382805975
26010,26010,25930,25930,1000,A32,0.053208773354995964,27100.30722149589,24121.69277850411
26990,26990,26510,26510,400,A32,0.02236791361357504,26727.378855405754,24364.621144594246
26660,26660,26660,26660,200,A32,0.0056582421727648935,26820.931525514214,24320.068474485786
25930,25930,25930,25930,2500,A32,-0.02738184546136535,26811.783501858034,24321.216498141966
26010,26010,26010,26010,300,A32,0.003085229463941408,26840.073466749876,24406.926533250124
25520,26010,25520,26010,700,A32,0.0,26830.424853159686,24408.575146840314
25840,25840,24940,24940,1800,A32,-0.041138023836985727,26775.76188148579,24340.23811851421
26170,26660,26170,26660,8700,A32,0.06896551724137923,26904.065515596747,24293.934484403253
26510,26510,26510,26510,900,A32,-0.005626406601650369,26999.03191451991,24272.96808548009
25350,27810,25350,27810,1100,A32,0.04903809883063004,27410.131733084858,24107.868266915142
24940,24940,24940,24940,400,A32,-0.10320028766630707,27419.348297735345,24057.651702264655
24940,24940,24940,24940,600,A32,0.0,27419.348297735345,24057.651702264655
26170,26170,26170,26170,100,A32,0.0493183640737771,27449.19374240864,24150.80625759136
26170,26170,26170,26170,100,A32,0.0,27482.794424951244,24175.205575048756
27310,27310,26170,26170,800,A32,0.0,27509.119272823435,24188.880727176565
27810,29520,27810,29520,10000,A32,0.12800917080626673,28309.638959758522,23878.361040241478
28550,28550,28550,28550,1700,A32,-0.03285907859078596,28632.652668811137,23957.347331188863
26330,26330,26330,26330,100,A32,-0.07775831873905426,28648.059199848136,24006.940800151864
29360,29360,27400,27400,2900,A32,0.04063805545005694,28754.36593363476,24023.63406636524
29030,29030,28940,28940,1300,A32,0.056204379562043716,29071.572520725844,24138.427479274156
28620,28870,26170,28620,2100,A32,-0.011057360055286791,29334.21366435679,24144.78633564321
26990,27810,26990,27730,3800,A32,-0.031097134870719745,29427.920598229342,24173.079401770658
28220,28220,28220,28220,5000,A32,0.017670393076090862,29576.28631474026,24180.71368525974
28140,28140,26410,26410,300,A32,-0.06413890857547844,29574.52451336058,24230.47548663942
26170,27970,26170,27810,1600,A32,0.05301022340022721,29659.467378878086,24325.532621121914
26410,26410,25440,25680,5000,A32,-0.07659115426105723,29671.013172509523,24280.986827490477
25930,28220,25930,27970,1700,A32,0.08917445482866038,29684.81011025254,24570.18988974746
27070,27070,26990,26990,1200,A32,-0.03503754022166605,29693.277544717297,24594.722455282703
26890,26890,26890,26890,1000,A32,-0.003705075954057113,29698.72159355081,24627.27840644919
26890,26890,26890,26890,100,A32,0.0,29637.437263650863,24596.562736349137
25680,27810,25030,27810,300,A32,0.03421346225362587,29588.249771775278,24932.750228224722
27810,27810,27810,27810,200,A32,0.0,29482.339721989614,25325.660278010386
27640,27640,27640,27640,100,A32,-0.006112909025530411,29478.618437274483,25476.381562725517
27640,27640,27640,27640,200,A32,0.0,29460.511979538194,25641.488020461806
24940,24940,24940,24940,200,A32,-0.09768451519536903,29637.321919992406,25341.678080007594
25030,26580,24940,26580,400,A32,0.06575781876503606,29309.11002743296,25375.88997256704
25350,26010,25350,25350,600,A32,-0.04627539503386002,29248.30613804874,25116.69386195126
24200,24380,24200,24200,500,A32,-0.04536489151873768,29495.895865528073,24656.104134471927
24290,24290,24290,24290,200,A32,0.0037190082644629197,29620.599812969856,24220.400187030144
23720,23720,23720,23720,300,A32,-0.023466447097571064,29531.958702923308,23787.041297076692
24120,24120,24120,24120,100,A32,0.01686340640809436,29361.891159377206,23507.108840622794
26010,26010,26010,26010,100,A32,0.07835820895522394,29219.111607305982,23477.888392694018
25930,25930,25930,25930,200,A32,-0.003075740099961588,28976.71690117661,23491.28309882339
23150,23150,23150,23150,100,A32,-0.10721172387196298,29122.59564818143,23019.40435181857
23150,23150,23150,23150,100,A32,0.0,29031.227834026227,22644.772165973773
23150,23150,23150,23150,100,A32,0.0,29113.37756981344,22309.62243018656
23150,23150,23150,23150,100,A32,0.0,28881.150817659265,22059.849182340735
22080,22080,22080,22080,100,A32,-0.046220302375809985,28862.138985521422,21587.861014478578
25350,25350,24940,25350,600,A32,0.14809782608695654,28705.21014279446,21590.78985720554
25350,25350,25350,25350,200,A32,0.0,28539.61297927569,21602.38702072431
25440,25440,25440,25440,500,A32,0.0035502958579882726,28193.165826647324,21711.834173352676
24690,24690,24690,24690,100,A32,-0.02948113207547165,27760.499156545055,21832.500843454945
23720,26010,23720,26010,1000,A32,0.053462940461725506,27441.928675268166,21988.071324731834
23720,23720,23720,23720,100,A32,-0.08804306036139942,26920.948375798234,22117.051624201766
22080,22080,20450,22080,900,A32,-0.06913996627318719,26991.694171725696,21760.305828274304
22080,22080,22080,22080,500,A32,0.0,26743.71209354216,21558.28790645784
24530,25350,24530,25350,6300,A32,0.14809782608695654,26743.71209354216,21558.28790645784
29030,29030,29030,29030,200,A32,0.14516765285996058,27746.499850924232,21038.500149075768
28790,28790,28790,28790,500,A32,-0.008267309679641732,28479.146669492147,20755.853330507853
27730,27730,27730,27730,500,A32,-0.03681833970128512,28883.457415838933,20752.542584161067
24120,24120,23880,23880,500,A32,-0.13883880274071403,28881.033251398054,20730.966748601946
24530,24530,24530,24530,500,A32,0.027219430485762253,28770.477931102236,20693.522068897764
24530,24530,24530,24530,100,A32,0.0,28663.352771251215,20660.647228748785
25350,25350,24940,24940,2900,A32,0.016714227476559262,28693.201536138902,20809.798463861098
29120,29120,25350,25350,1600,A32,0.01643945469125896,28740.583783575676,20982.416216424324
26090,26090,25350,25350,7800,A32,0.0,28774.23204420188,21168.76795579812
27810,27810,25350,25350,9000,A32,0.0,28793.29889002621,21369.70110997379
26170,26170,26170,26170,100,A32,0.03234714003944772,28756.639134222947,21815.360865777053
26800,28400,26800,28400,7300,A32,0.08521207489491789,29165.54856421268,21711.45143578732
25540,26800,25540,26800,600,A32,-0.05633802816901412,29284.464720916283,21737.535279083717
25900,25900,25900,25900,500,A32,-0.03358208955223885,29311.059173484024,21756.940826515976
25900,25990,25900,25900,5000,A32,0.0,29354.268476914476,21834.731523085524
25900,25900,25900,25900,1000,A32,0.0,29346.64234593978,21831.35765406022
25900,25900,25900,25900,500,A32,0.0,29357.653535513957,22038.346464486043
25900,26170,25900,26170,3100,A32,0.010424710424710382,29166.294570741215,22638.705429258785
25900,26080,25900,26080,2200,A32,-0.0034390523500190673,28855.01793817948,23349.98206182052
25990,25990,25990,25990,600,A32,-0.0034509202453987253,28866.08177618753,23402.91822381247
25900,25900,25900,25900,1100,A32,-0.003462870334744128,28365.003142017165,23590.996857982835
28580,28580,28580,28580,100,A32,0.1034749034749034,28306.293492380166,23628.706507619834
24660,30200,24660,30200,300,A32,0.05668299510146957,28984.177491962742,23197.822508037258
30460,30460,30280,30280,1600,A32,0.0026490066225166586,29650.24620861086,23171.75379138914
26080,26080,25990,25990,600,A32,-0.14167767503302509,29614.369946188443,23353.630053811557
26080,26080,26080,26080,100,A32,0.003462870334744128,29568.859473026103,23554.140526973897
26800,26800,26800,26800,600,A32,0.027607361963190247,29569.14217357806,23739.85782642194
25990,26170,25990,26170,200,A32,-0.023507462686567115,29558.19436021379,23832.80563978621
26080,26080,26080,26080,600,A32,-0.0034390523500190673,29543.29578664356,23920.70421335644
25990,25990,25990,25990,200,A32,-0.0034509202453987253,29525.77768837389,24002.22231162611
26170,26170,26170,26170,100,A32,0.006925740669488256,29525.77768837389,24002.22231162611
25900,25900,25900,25900,1100,A32,-0.010317157050057313,29318.34992115622,23959.65007884378
25900,25900,25900,25900,1800,A32,0.0,29291.19409757619,23896.80590242381
25900,25900,25900,25900,100,A32,0.0,29291.19409757619,23896.80590242381
24120,24120,24120,24120,300,A32,-0.06872586872586872,29398.264592117324,23611.735407882676
24560,24560,24560,24560,100,A32,0.018242122719734688,29444.064536898673,23431.935463101327
25900,25900,25900,25900,100,A32,0.05456026058631913,29444.064536898673,23431.935463101327
26340,29740,26340,29740,500,A32,0.14826254826254837,29944.449969575842,23288.550030424158
28140,28140,28140,28140,100,A32,-0.05379959650302624,30101.726929110442,23337.273070889558
25900,25900,25900,25900,1900,A32,-0.07960199004975121,30101.334301276212,23328.665698723788
25900,25900,25900,25900,500,A32,0.0,30101.334301276212,23328.665698723788
25900,25900,25900,25900,100,A32,0.0,29872.29700877934,23289.70299122066
25900,25900,25900,25900,100,A32,0.0,29215.746655406376,23516.253344593624
25900,28580,25900,28580,500,A32,0.1034749034749034,28732.251925037453,23829.748074962547
26760,26760,26760,26760,1600,A32,-0.06368089573128066,28775.44360684439,23863.55639315561
26760,26760,26760,26760,300,A32,0.0,28814.063146923858,23892.936853076142
28790,28790,28790,28790,400,A32,0.07585949177877427,29129.22943709986,23776.77056290014
28790,28790,28790,28790,100,A32,0.0,29442.295995868837,23725.704004131163
28600,28600,28600,28600,200,A32,-0.006599513720041639,29687.98589654146,23732.01410345854
27680,27680,27680,27680,1700,A32,-0.032167832167832144,29781.86321862606,23807.13678137394
29530,29530,27680,27680,700,A32,0.0,29866.724878930305,23873.275121069695
27680,27680,27680,27680,2300,A32,0.0,29940.898053253975,23977.101946746025
27680,27680,27680,27680,400,A32,0.0,30004.29903764823,24091.70096235177
27680,27680,27680,27680,200,A32,0.0,30056.64449890733,24217.35550109267
30450,30450,30450,30450,100,A32,0.10007225433526012,30368.696562840978,24538.303437159022
30920,30920,30920,30920,1800,A32,0.015435139573070522,30741.80823316367,24801.19176683633
29530,29530,29530,29530,500,A32,-0.04495472186287197,30887.096794586007,25018.903205413993
27680,27680,27680,27680,600,A32,-0.06264815441923466,30668.283165333083,25031.716834666917
27680,27680,27680,27680,700,A32,0.0,30642.948152931775,25011.051847068225
27680,27680,27680,27680,100,A32,0.0,30591.730928176425,25240.269071823575
27680,27680,27680,27680,2000,A32,0.0,30520.181901970485,25489.818098029515
27680,27680,27680,27680,100,A32,0.0,30424.10214368381,25763.89785631619
30450,30450,30450,30450,100,A32,0.10007225433526012,30638.776634327434,26004.223365672566
30450,30450,30450,30450,500,A32,0.0,30910.50395711966,25919.49604288034
30450,30450,26760,26760,300,A32,-0.12118226600985227,30910.50395711966,25919.49604288034
29260,29260,29260,29260,100,A32,0.09342301943198805,30940.008333318845,26139.991666681155
30450,30450,30450,30450,700,A32,0.04066985645933019,31162.607056219502,26083.392943780498
29710,29710,29710,29710,800,A32,-0.02430213464696218,31251.99748354502,26086.00251645498
29620,29620,29620,29620,600,A32,-0.0030292830696735384,31335.607004119673,26104.392995880327
28600,28600,28600,28600,200,A32,-0.03443619176232271,31338.8381216081,26193.1618783919
27680,27680,27680,27680,1000,A32,-0.032167832167832144,31338.8381216081,26193.1618783919
27230,27230,27230,27230,400,A32,-0.016257225433526035,31361.409662306913,26125.590337693087
27680,27680,27680,27680,200,A32,0.016525890561880363,31361.409662306913,26125.590337693087
27680,27680,27680,27680,400,A32,0.0,31361.409662306913,26125.590337693087
28600,28600,28600,28600,100,A32,0.03323699421965309,31149.18253936735,26152.81746063265
28600,28600,28600,28600,300,A32,0.0,30806.109860838944,26263.890139161056
28600,28600,28600,28600,100,A32,0.0,30713.83840123247,26263.16159876753
27680,27680,27680,27680,100,A32,-0.032167832167832144,30713.83840123247,26263.16159876753
30450,30920,30450,30920,400,A32,0.11705202312138718,31079.256677808604,26221.743322191396
27410,27410,26940,26940,400,A32,-0.128719275549806,31121.5213316477,26105.4786683523
30450,30820,30450,30820,1100,A32,0.1440237564959168,31414.55351685625,26126.44648314375
34140,35060,34140,35060,3000,A32,0.13757300454250476,32897.172018683894,25381.827981316103
36910,37830,36910,37830,2200,A32,0.07900741585852833,34831.74440543546,24185.25559456454
36910,36910,36910,36910,100,A32,-0.024319323288395478,36052.33362580932,23610.66637419068
31370,33020,31370,31370,2000,A32,-0.15009482525060958,36150.74568363632,23973.25431636368
28170,28170,28170,28170,1100,A32,-0.10200828817341412,36143.31575668631,23871.684243313695
28650,28650,28170,28170,1400,A32,0.0,36076.733053993674,23710.266946006326
29140,29140,29140,29140,2000,A32,0.03443379481718134,36056.6023774141,23673.3976225859
28360,28360,28360,28360,500,A32,-0.026767330130404887,36027.83841743423,23576.161582565772
29140,29140,29140,29140,200,A32,0.027503526093088926,36038.41510933195,23619.58489066805
29140,29140,29140,29140,2200,A32,0.0,36042.58824543707,23761.41175456293
32540,32540,29140,29140,300,A32,0.0,36027.3055524204,23967.694447579597
31080,32640,31080,32640,200,A32,0.12010981468771442,36281.636098531904,24209.3639014681
32049,32049,32049,32049,500,A32,-0.018106617647058787,36428.6982587281,24499.2017412719
32049,32049,32049,32049,100,A32,0.0,36574.99247296865,24697.80752703135
32049,32049,32049,32049,200,A32,0.0,36701.01660575716,24916.68339424283
32049,32049,32049,32049,600,A32,0.0,36806.28601200037,25156.31398799963
31080,32049,31080,31960,500,A32,-0.0027769977222378284,36830.82414953569,25559.77585046431
27100,28170,27100,28170,400,A32,-0.11858573216520651,36845.618020636095,25269.981979363904
28170,28170,28170,28170,100,A32,0.0,36754.930474046356,25483.669525953643
28170,28170,28170,28170,100,A32,0.0,36767.099632372,25206.500367627996
28170,28170,28170,28170,100,A32,0.0,36228.51729258717,25056.08270741283
31080,31080,31080,31080,200,A32,0.10330138445154424,34827.62087197801,25781.97912802199
29140,29140,29140,29140,100,A32,-0.06241956241956237,33292.362505345525,26540.237494654473
33020,33020,33020,33020,100,A32,0.1331503088538093,33586.907445436926,26410.692554563073
28170,28170,28170,28170,100,A32,-0.14688067837674135,33586.907445436926,26410.692554563073
28170,28170,28170,28170,100,A32,0.0,33586.907445436926,26410.692554563073
28260,28260,28260,28260,600,A32,0.0031948881789136685,33604.998438441384,26304.601561558615
28170,28170,28170,28170,800,A32,-0.0031847133757961776,33612.99852087108,26277.60147912892
28360,28360,28360,28360,100,A32,0.006744763933262288,33623.673002538206,26188.926997461796
32540,32540,32540,32540,100,A32,0.14739069111424552,33945.80824265822,26206.79175734178
33800,33800,33800,33800,1700,A32,0.03872157344806393,34475.088621617746,26143.51137838225
33020,33020,33020,33020,500,A32,-0.023076923076923106,34539.65337391674,26116.94662608326
28650,28650,28070,28070,1600,A32,-0.1499091459721381,34372.57930207642,25886.120697923583
28070,28070,28070,28070,500,A32,0.0,34168.069614304535,25692.73038569547
31860,31860,31860,31860,1100,A32,0.13501959387246165,34140.48369343105,25701.416306568946
31760,31760,31760,31760,200,A32,-0.003138731952291307,34098.67497249338,25714.325027506617
31660,31660,31660,31660,1500,A32,-0.0031486146095718315,34056.23420520445,25726.765794795556
33020,34000,33020,34000,2300,A32,0.07391029690461148,34631.41140183773,25734.58859816227
30000,30000,30000,30000,100,A32,-0.11764705882352944,34627.79059448137,25921.209405518635
31000,31000,31000,31000,400,A32,0.03333333333333344,34669.29707403561,26162.702925964386
30000,30000,29700,30000,1000,A32,-0.032258064516129004,34640.628960001115,26374.37103999888
30000,30000,30000,30000,200,A32,0.0,34583.5182808312,26323.481719168798
29700,34000,29700,34000,1500,A32,0.1333333333333333,35054.40442758901,26338.595572410988
33000,33000,33000,33000,100,A32,-0.02941176470588236,35051.27995311975,26339.720046880248
34000,34000,34000,34000,1000,A32,0.030303030303030276,35407.547929838554,26566.452070161446
34500,34500,34500,34500,100,A32,0.014705882352941124,35778.060425337884,26828.939574662116
31000,32000,31000,32000,200,A32,-0.07246376811594202,35747.994450965256,27233.005549034744
35000,35000,35000,35000,100,A32,0.09375,36064.95924856358,27599.04075143642
38000,40100,38000,40100,300,A32,0.14571428571428569,37691.63463554985,27146.365364450143
39000,44800,39000,44800,300,A32,0.11720698254364081,40578.68828029885,25485.311719701152
47100,47100,47100,47100,2900,A32,0.05133928571428581,43425.68768128569,23968.312318714306
46500,46500,46500,46500,2000,A32,-0.01273885350318471,45574.658152585704,23167.341847414296
53400,53400,53400,53400,1100,A32,0.1483870967741936,49186.88799355898,22088.112006441024
60700,60700,60500,60700,1500,A32,0.13670411985018727,54213.35351378152,20324.64648621848
69800,69800,69800,69800,100,A32,0.1499176276771006,61041.0637941927,17290.936205807302
66200,66200,59400,59400,15100,A32,-0.14899713467048714,63824.423780297526,17271.576219702474
56700,63800,54800,63800,1600,A32,0.07407407407407418,67130.86635134005,17179.133648659947
50000,50000,50000,50000,200,A32,-0.2163009404388715,67859.65619116233,18050.343808837668
42500,42500,42500,42500,100,A32,-0.15000000000000002,67769.9648614875,19390.03513851249
37500,37500,37500,37500,100,A32,-0.11764705882352944,67579.32997995932,20230.670020040685
34000,34000,34000,34000,100,A32,-0.09333333333333338,67370.12196400441,20839.878035995585
39100,39100,39100,39100,100,A32,0.1499999999999999,67046.83170213182,22073.168297868182
39100,39100,39100,39100,100,A32,0.0,66929.63542543717,22700.36457456283
40000,40000,40000,40000,200,A32,0.023017902813299296,66735.4682378478,23594.5317621522
43000,43000,43000,43000,200,A32,0.07499999999999996,66602.64160166646,24627.358398333537
40000,40000,40000,40000,200,A32,-0.06976744186046513,66427.17604735376,25352.823952646242
41000,41000,41000,41000,500,A32,0.02499999999999991,66016.42243905128,26663.577560948717
40000,40000,40000,40000,200,A32,-0.024390243902439046,65805.40007389909,27374.599926100916
39000,39000,37000,37000,900,A32,-0.07499999999999996,65905.62145900846,26964.378540991536
38000,38000,38000,38000,1000,A32,0.027027027027026973,65902.52129873904,26287.478701260956
32299,32299,32299,32299,100,A32,-0.15002631578947367,66043.37966950369,24666.5203304963
32400,32400,32000,32200,1000,A32,-0.003065110374934177,66094.89199922248,23185.008000777518
33500,33500,33500,33500,100,A32,0.04037267080745344,65227.96272274102,22061.937277258978
35000,35000,35000,35000,100,A32,0.04477611940298498,62755.87175387032,21964.028246129677
37000,37500,37000,37500,200,A32,0.0714285714285714,56859.951650325704,24629.948349674287
